item_num,pred_n_participant
1,19.0
2,19.0
3,18.0
4,12.0
5,9.0
6,9.0
7,11.0
8,6.0
9,5.0
10,10.0
11,17.0
12,16.0
13,16.0
14,10.0
15,6.0
16,17.0
17,18.0
18,23.0
19,17.0
20,7.0
21,5.0
22,4.0
23,3.0
24,5.0
25,4.0
26,8.0
27,7.0
28,10.0
29,6.0
30,9.0
31,7.0
32,19.0
33,9.0
34,20.0
35,10.0
36,11.0
37,10.0
38,9.0
39,9.0
40,8.0
41,10.0
42,26.0
43,9.0
44,13.0
45,14.0
46,8.0
47,9.0
48,7.0
49,11.0
50,16.0
51,31.0
52,7.0
53,6.0
54,9.0
55,12.0
56,12.0
57,9.0
58,6.0
59,5.0
60,11.0
61,16.0
62,3.0
63,7.0
64,4.0
65,5.0
66,4.0
67,13.0
68,7.0
69,4.0
70,4.0
71,5.0
72,4.0
73,3.0
74,10.0
75,13.0
76,7.0
77,8.0
78,7.0
79,18.0
80,8.0
81,5.0
82,8.0
83,6.0
84,4.0
85,9.0
86,5.0
87,19.0
88,4.0
89,8.0
90,6.0
91,4.0
92,6.0
93,9.0
94,8.0
95,12.0
96,9.0
97,13.0
98,15.0
99,8.0
100,7.0
101,7.0
102,14.0
103,7.0
104,9.0
105,11.0
106,13.0
107,10.0
108,9.0
109,10.0
110,35.0
111,19.0
112,9.0
113,10.0
114,5.0
115,6.0
116,7.0
117,12.0
118,7.0
119,8.0
120,6.0
121,8.0
122,4.0
123,6.0
124,5.0
125,3.0
126,4.0
127,7.0
128,6.0
129,11.0
130,5.0
131,4.0
132,5.0
133,5.0
134,9.0
135,3.0
136,10.0
137,12.0
138,11.0
139,5.0
140,6.0
141,6.0
142,7.0
143,4.0
144,5.0
145,4.0
146,3.0
147,3.0
148,4.0
149,4.0
150,7.0
151,3.0
152,6.0
153,3.0
154,6.0
155,8.0
156,4.0
157,4.0
158,9.0
159,8.0
160,7.0
161,7.0
162,4.0
163,7.0
164,8.0
165,11.0
166,8.0
167,8.0
168,5.0
169,7.0
170,4.0
171,11.0
172,12.0
173,9.0
174,8.0
175,4.0
176,10.0
177,9.0
178,10.0
179,11.0
180,13.0
181,7.0
182,12.0
183,11.0
184,10.0
185,11.0
186,4.0
187,5.0
188,4.0
189,6.0
190,18.0
191,3.0
192,7.0
193,7.0
194,4.0
195,5.0
196,6.0
197,6.0
198,7.0
199,7.0
200,10.0
201,7.0
202,8.0
203,9.0
204,5.0
205,6.0
206,5.0
207,4.0
208,7.0
209,7.0
210,6.0
211,6.0
212,3.0
213,3.0
214,3.0
215,4.0
216,4.0
217,11.0
218,9.0
219,4.0
220,10.0
221,3.0
222,5.0
223,3.0
224,5.0
225,11.0
226,4.0
227,9.0
228,11.0
229,11.0
230,3.0
231,13.0
232,6.0
233,4.0
234,3.0
235,16.0
236,6.0
237,10.0
238,4.0
239,5.0
240,6.0
241,5.0
242,3.0
243,4.0
244,3.0
245,5.0
246,39.0
247,11.0
248,9.0
249,12.0
250,10.0
251,14.0
252,8.0
253,9.0
254,7.0
255,9.0
256,10.0
257,7.0
258,7.0
259,10.0
260,5.0
261,7.0
262,4.0
263,36.0
264,4.0
265,4.0
266,8.0
267,5.0
268,16.0
269,11.0
270,5.0
271,4.0
272,5.0
273,3.0
274,4.0
275,6.0
276,3.0
277,3.0
278,17.0
279,8.0
280,5.0
281,4.0
282,5.0
283,7.0
284,4.0
285,4.0
286,5.0
287,6.0
288,6.0
289,4.0
290,3.0
291,6.0
292,4.0
293,6.0
294,6.0
295,7.0
296,5.0
297,5.0
298,7.0
299,5.0
300,3.0
301,5.0
302,3.0
303,4.0
304,4.0
305,11.0
306,14.0
307,6.0
308,10.0
309,6.0
310,5.0
311,9.0
312,10.0
313,12.0
314,4.0
315,7.0
316,5.0
317,5.0
318,5.0
319,8.0
320,8.0
321,8.0
322,4.0
323,6.0
324,9.0
325,4.0
326,7.0
327,9.0
328,3.0
329,4.0
330,8.0
331,8.0
332,22.0
333,7.0
334,6.0
335,5.0
336,9.0
337,16.0
338,5.0
339,11.0
340,13.0
341,10.0
342,12.0
343,6.0
344,7.0
345,4.0
346,11.0
347,4.0
348,4.0
349,13.0
350,11.0
351,6.0
352,4.0
353,6.0
354,4.0
355,6.0
356,4.0
357,7.0
358,4.0
359,5.0
360,4.0
361,6.0
362,4.0
363,6.0
364,6.0
365,4.0
366,5.0
367,5.0
368,4.0
369,6.0
370,5.0
371,9.0
372,9.0
373,4.0
374,8.0
375,4.0
376,6.0
377,7.0
378,5.0
379,8.0
380,7.0
381,16.0
382,22.0
383,8.0
384,16.0
385,14.0
386,23.0
387,6.0
388,4.0
389,15.0
390,3.0
391,3.0
392,3.0
393,6.0
394,6.0
395,7.0
396,5.0
397,15.0
398,6.0
399,7.0
400,9.0
401,8.0
402,6.0
403,8.0
404,11.0
405,5.0
406,3.0
407,12.0
408,14.0
409,11.0
410,7.0
411,7.0
412,9.0
413,12.0
414,9.0
415,5.0
416,4.0
417,13.0
418,9.0
419,15.0
420,11.0
421,15.0
422,11.0
423,8.0
424,8.0
425,9.0
426,6.0
427,3.0
428,8.0
429,5.0
430,7.0
431,10.0
432,17.0
433,3.0
434,4.0
435,7.0
436,8.0
437,6.0
438,4.0
439,4.0
440,9.0
441,10.0
442,16.0
443,5.0
444,3.0
445,8.0
446,12.0
447,4.0
448,5.0
449,5.0
450,16.0
451,3.0
452,7.0
453,22.0
454,3.0
455,9.0
456,10.0
457,17.0
458,7.0
459,4.0
460,9.0
461,5.0
462,9.0
463,9.0
464,7.0
465,5.0
466,5.0
467,10.0
468,6.0
469,8.0
470,9.0
471,6.0
472,11.0
473,13.0
474,5.0
475,7.0
476,10.0
477,13.0
478,8.0
479,14.0
480,6.0
481,7.0
482,12.0
483,4.0
484,5.0
485,3.0
486,5.0
487,13.0
488,5.0
489,7.0
490,5.0
491,5.0
492,8.0
493,12.0
494,8.0
495,6.0
496,7.0
497,14.0
498,6.0
499,12.0
500,35.0
501,3.0
502,23.0
503,22.0
504,9.0
505,11.0
506,7.0
507,7.0
508,9.0
509,7.0
510,3.0
511,10.0
512,13.0
513,10.0
514,10.0
515,24.0
516,12.0
517,4.0
518,9.0
519,9.0
520,11.0
521,14.0
522,9.0
523,24.0
524,14.0
525,16.0
526,13.0
527,16.0
528,12.0
529,11.0
530,10.0
531,12.0
532,10.0
533,38.0
534,9.0
535,9.0
536,18.0
537,4.0
538,18.0
539,3.0
540,11.0
541,22.0
542,33.0
543,7.0
544,20.0
545,9.0
546,5.0
547,13.0
548,8.0
549,59.0
550,9.0
551,21.0
552,9.0
553,21.0
554,16.0
555,17.0
556,18.0
557,14.0
558,8.0
559,30.0
560,33.0
561,8.0
562,15.0
563,8.0
564,5.0
565,3.0
566,4.0
567,7.0
568,12.0
569,6.0
570,8.0
571,6.0
572,11.0
573,8.0
574,12.0
575,5.0
576,6.0
577,5.0
578,6.0
579,4.0
580,4.0
581,4.0
582,8.0
583,5.0
584,5.0
585,7.0
586,8.0
587,10.0
588,6.0
589,4.0
590,6.0
591,7.0
592,11.0
593,7.0
594,4.0
595,3.0
596,6.0
597,4.0
598,4.0
599,5.0
600,5.0
601,6.0
602,7.0
603,6.0
604,5.0
605,6.0
606,5.0
607,9.0
608,10.0
609,9.0
610,8.0
611,7.0
612,13.0
613,3.0
614,3.0
615,3.0
616,3.0
617,4.0
618,4.0
619,6.0
620,8.0
621,8.0
622,11.0
623,7.0
624,9.0
625,9.0
626,4.0
627,7.0
628,4.0
629,3.0
630,4.0
631,3.0
632,5.0
633,4.0
634,9.0
635,14.0
636,10.0
637,9.0
638,11.0
639,9.0
640,8.0
641,6.0
642,11.0
643,10.0
644,4.0
645,5.0
646,10.0
647,12.0
648,15.0
649,16.0
650,7.0
651,4.0
652,10.0
653,8.0
654,4.0
655,8.0
656,8.0
657,12.0
658,23.0
659,7.0
660,10.0
661,5.0
662,8.0
663,14.0
664,9.0
665,6.0
666,13.0
667,11.0
668,16.0
669,12.0
670,4.0
671,4.0
672,7.0
673,8.0
674,9.0
675,7.0
676,8.0
677,7.0
678,11.0
679,11.0
680,7.0
681,8.0
682,8.0
683,4.0
684,6.0
685,5.0
686,6.0
687,7.0
688,10.0
689,4.0
690,10.0
691,5.0
692,13.0
693,7.0
694,6.0
695,10.0
696,7.0
697,8.0
698,4.0
699,11.0
700,4.0
701,8.0
702,5.0
703,8.0
704,5.0
705,4.0
706,11.0
707,6.0
708,8.0
709,11.0
710,7.0
711,4.0
712,5.0
713,11.0
714,7.0
715,8.0
716,12.0
717,14.0
718,6.0
719,4.0
720,7.0
721,9.0
722,15.0
723,15.0
724,8.0
725,17.0
726,18.0
727,15.0
728,14.0
729,8.0
730,10.0
731,6.0
732,6.0
733,5.0
734,7.0
735,24.0
736,8.0
737,6.0
738,4.0
739,7.0
740,5.0
741,6.0
742,3.0
743,4.0
744,8.0
745,12.0
746,11.0
747,13.0
748,18.0
749,16.0
750,10.0
751,14.0
752,16.0
753,18.0
754,9.0
755,11.0
756,10.0
757,37.0
758,11.0
759,11.0
760,9.0
761,18.0
762,26.0
763,12.0
764,4.0
765,83.0
766,56.0
767,9.0
768,9.0
769,24.0
770,8.0
771,5.0
772,6.0
773,10.0
774,11.0
775,10.0
776,12.0
777,7.0
778,8.0
779,7.0
780,12.0
781,11.0
782,4.0
783,9.0
784,11.0
785,4.0
786,14.0
787,10.0
788,20.0
789,5.0
790,9.0
791,4.0
792,4.0
793,6.0
794,3.0
795,7.0
796,3.0
797,5.0
798,6.0
799,4.0
800,10.0
801,6.0
802,9.0
803,6.0
804,5.0
805,11.0
806,10.0
807,9.0
808,3.0
809,3.0
810,10.0
811,3.0
812,3.0
813,11.0
814,5.0
815,8.0
816,26.0
817,24.0
818,20.0
819,18.0
820,22.0
821,16.0
822,21.0
823,6.0
824,9.0
825,5.0
826,6.0
827,23.0
828,9.0
829,12.0
830,4.0
831,8.0
832,17.0
833,6.0
834,22.0
835,4.0
836,7.0
837,6.0
838,4.0
839,5.0
840,14.0
841,5.0
842,4.0
843,9.0
844,12.0
845,7.0
846,7.0
847,9.0
848,9.0
849,7.0
850,10.0
851,5.0
852,5.0
853,5.0
854,4.0
855,3.0
856,3.0
857,11.0
858,9.0
859,10.0
860,8.0
861,7.0
862,35.0
863,16.0
864,7.0
865,14.0
866,16.0
867,7.0
868,16.0
869,16.0
870,14.0
871,17.0
872,11.0
873,11.0
874,17.0
875,9.0
876,13.0
877,14.0
878,11.0
879,5.0
880,7.0
881,7.0
882,4.0
883,15.0
884,5.0
885,8.0
886,6.0
887,11.0
888,6.0
889,9.0
890,4.0
891,3.0
892,3.0
893,3.0
894,3.0
895,6.0
896,5.0
897,6.0
898,12.0
899,12.0
900,5.0
901,10.0
902,6.0
903,6.0
904,3.0
905,5.0
906,4.0
907,6.0
908,6.0
909,5.0
910,5.0
911,4.0
912,3.0
913,4.0
914,4.0
915,5.0
916,3.0
917,6.0
918,4.0
919,11.0
920,5.0
921,5.0
922,14.0
923,4.0
924,7.0
925,4.0
926,11.0
927,12.0
928,7.0
929,14.0
930,6.0
931,11.0
932,3.0
933,34.0
934,4.0
935,6.0
936,3.0
937,5.0
938,5.0
939,5.0
940,5.0
941,6.0
942,4.0
943,4.0
944,4.0
945,3.0
946,3.0
947,3.0
948,5.0
949,3.0
950,3.0
951,6.0
952,5.0
953,3.0
954,5.0
955,4.0
956,6.0
957,5.0
958,5.0
959,4.0
960,7.0
961,5.0
962,6.0
963,8.0
964,5.0
965,10.0
966,8.0
967,9.0
968,14.0
969,8.0
970,15.0
971,8.0
972,5.0
973,10.0
974,8.0
975,6.0
976,10.0
977,5.0
978,4.0
979,15.0
980,9.0
981,4.0
982,4.0
983,4.0
984,3.0
985,4.0
986,15.0
987,7.0
988,9.0
989,6.0
990,12.0
991,11.0
992,6.0
993,7.0
994,3.0
995,6.0
996,5.0
997,3.0
998,12.0
999,5.0
1000,5.0
1001,4.0
1002,4.0
1003,4.0
1004,5.0
1005,5.0
1006,4.0
1007,4.0
1008,7.0
1009,11.0
1010,9.0
1011,12.0
1012,8.0
1013,8.0
1014,5.0
1015,10.0
1016,13.0
1017,10.0
1018,22.0
1019,4.0
1020,8.0
1021,12.0
1022,7.0
1023,11.0
1024,15.0
1025,12.0
1026,12.0
1027,17.0
1028,8.0
1029,10.0
1030,10.0
1031,12.0
1032,7.0
1033,4.0
1034,9.0
1035,3.0
1036,9.0
1037,5.0
1038,3.0
1039,8.0
1040,4.0
1041,3.0
1042,3.0
1043,10.0
1044,11.0
1045,13.0
1046,4.0
1047,4.0
1048,11.0
1049,15.0
1050,16.0
1051,9.0
1052,23.0
1053,22.0
1054,13.0
1055,9.0
1056,12.0
1057,19.0
1058,7.0
1059,6.0
1060,10.0
1061,4.0
1062,6.0
1063,7.0
1064,10.0
1065,6.0
1066,15.0
1067,4.0
1068,9.0
1069,5.0
1070,9.0
1071,10.0
1072,10.0
1073,9.0
1074,6.0
1075,5.0
1076,12.0
1077,6.0
1078,6.0
1079,6.0
1080,12.0
1081,4.0
1082,7.0
1083,6.0
1084,14.0
1085,4.0
1086,16.0
1087,11.0
1088,3.0
1089,3.0
1090,6.0
1091,4.0
1092,6.0
1093,4.0
1094,23.0
1095,11.0
1096,21.0
1097,12.0
1098,15.0
1099,11.0
1100,6.0
1101,10.0
1102,6.0
1103,12.0
1104,6.0
1105,6.0
1106,10.0
1107,9.0
1108,6.0
1109,5.0
1110,10.0
1111,6.0
1112,10.0
1113,14.0
1114,7.0
1115,17.0
1116,6.0
1117,4.0
1118,10.0
1119,14.0
1120,7.0
1121,3.0
1122,3.0
1123,5.0
1124,7.0
1125,10.0
1126,4.0
1127,8.0
1128,7.0
1129,8.0
1130,10.0
1131,6.0
1132,4.0
1133,6.0
1134,8.0
1135,19.0
1136,6.0
1137,7.0
1138,7.0
1139,3.0
1140,7.0
1141,6.0
1142,7.0
1143,32.0
1144,29.0
1145,4.0
1146,6.0
1147,7.0
1148,3.0
1149,26.0
1150,4.0
1151,9.0
1152,18.0
1153,9.0
1154,11.0
1155,5.0
1156,4.0
1157,9.0
1158,6.0
1159,4.0
1160,6.0
1161,11.0
1162,5.0
1163,5.0
1164,3.0
1165,6.0
1166,3.0
1167,3.0
1168,13.0
1169,6.0
1170,6.0
1171,5.0
1172,5.0
1173,6.0
1174,6.0
1175,3.0
1176,7.0
1177,6.0
1178,3.0
1179,5.0
1180,9.0
1181,10.0
1182,8.0
1183,8.0
1184,8.0
1185,9.0
1186,7.0
1187,7.0
1188,7.0
1189,10.0
1190,10.0
1191,5.0
1192,8.0
1193,5.0
1194,6.0
1195,8.0
1196,8.0
1197,9.0
1198,5.0
1199,4.0
1200,10.0
1201,5.0
1202,5.0
1203,4.0
1204,4.0
1205,10.0
1206,4.0
1207,9.0
1208,6.0
1209,6.0
1210,12.0
1211,9.0
1212,5.0
1213,8.0
1214,4.0
1215,10.0
1216,15.0
1217,3.0
1218,7.0
1219,5.0
1220,4.0
1221,4.0
1222,5.0
1223,3.0
1224,4.0
1225,5.0
1226,6.0
1227,4.0
1228,5.0
1229,10.0
1230,10.0
1231,14.0
1232,9.0
1233,23.0
1234,13.0
1235,4.0
1236,6.0
1237,6.0
1238,7.0
1239,9.0
1240,9.0
1241,9.0
1242,9.0
1243,7.0
1244,5.0
1245,4.0
1246,8.0
1247,10.0
1248,4.0
1249,4.0
1250,3.0
1251,4.0
1252,5.0
1253,11.0
1254,11.0
1255,5.0
1256,7.0
1257,5.0
1258,5.0
1259,3.0
1260,28.0
1261,9.0
1262,4.0
1263,8.0
1264,7.0
1265,10.0
1266,9.0
1267,14.0
1268,65.0
1269,8.0
1270,7.0
1271,8.0
1272,10.0
1273,4.0
1274,9.0
1275,8.0
1276,4.0
1277,4.0
1278,5.0
1279,12.0
1280,12.0
1281,12.0
1282,7.0
1283,13.0
1284,10.0
1285,6.0
1286,5.0
1287,6.0
1288,4.0
1289,5.0
1290,4.0
1291,4.0
1292,6.0
1293,4.0
1294,3.0
1295,3.0
1296,4.0
1297,7.0
1298,8.0
1299,5.0
1300,5.0
1301,7.0
1302,4.0
1303,4.0
1304,8.0
1305,3.0
1306,4.0
1307,3.0
1308,3.0
1309,3.0
1310,4.0
1311,6.0
1312,5.0
1313,6.0
1314,5.0
1315,3.0
1316,3.0
1317,8.0
1318,13.0
1319,14.0
1320,6.0
1321,5.0
1322,3.0
1323,19.0
1324,5.0
1325,5.0
1326,4.0
1327,7.0
1328,8.0
1329,4.0
1330,3.0
1331,4.0
1332,6.0
1333,4.0
1334,7.0
1335,10.0
1336,7.0
1337,5.0
1338,13.0
1339,6.0
1340,4.0
1341,5.0
1342,4.0
1343,11.0
1344,10.0
1345,7.0
1346,4.0
1347,5.0
1348,5.0
1349,6.0
1350,5.0
1351,3.0
1352,6.0
1353,7.0
1354,10.0
1355,5.0
1356,6.0
1357,9.0
1358,5.0
1359,7.0
1360,5.0
1361,8.0
1362,6.0
1363,5.0
1364,4.0
1365,4.0
1366,4.0
1367,4.0
1368,4.0
1369,4.0
1370,3.0
1371,3.0
1372,10.0
1373,14.0
1374,12.0
1375,4.0
1376,7.0
1377,10.0
1378,7.0
1379,6.0
1380,20.0
1381,9.0
1382,13.0
1383,9.0
1384,6.0
1385,11.0
1386,10.0
1387,10.0
1388,11.0
1389,9.0
1390,12.0
1391,17.0
1392,6.0
1393,11.0
1394,10.0
1395,7.0
1396,6.0
1397,5.0
1398,8.0
1399,8.0
1400,10.0
1401,4.0
1402,4.0
1403,4.0
1404,4.0
1405,13.0
1406,7.0
1407,5.0
1408,22.0
1409,7.0
1410,8.0
1411,3.0
1412,5.0
1413,5.0
1414,9.0
1415,5.0
1416,6.0
1417,3.0
1418,5.0
1419,6.0
1420,5.0
1421,4.0
1422,12.0
1423,5.0
1424,10.0
1425,13.0
1426,4.0
1427,4.0
1428,4.0
1429,13.0
1430,7.0
1431,5.0
1432,11.0
1433,6.0
1434,9.0
1435,4.0
1436,10.0
1437,7.0
1438,14.0
1439,15.0
1440,6.0
1441,5.0
1442,10.0
1443,6.0
1444,8.0
1445,4.0
1446,10.0
1447,17.0
1448,8.0
1449,11.0
1450,4.0
1451,8.0
1452,9.0
1453,22.0
1454,13.0
1455,4.0
1456,6.0
1457,4.0
1458,10.0
1459,7.0
1460,7.0
1461,4.0
1462,3.0
1463,3.0
1464,3.0
1465,15.0
1466,3.0
1467,11.0
1468,4.0
1469,3.0
1470,3.0
1471,4.0
1472,4.0
1473,5.0
1474,10.0
1475,4.0
1476,4.0
1477,6.0
1478,3.0
1479,7.0
1480,10.0
1481,4.0
1482,3.0
1483,5.0
1484,5.0
1485,5.0
1486,10.0
1487,9.0
1488,12.0
1489,11.0
1490,7.0
1491,5.0
1492,15.0
1493,27.0
1494,11.0
1495,4.0
1496,6.0
1497,8.0
1498,4.0
1499,9.0
1500,4.0
1501,10.0
1502,5.0
1503,8.0
1504,9.0
1505,9.0
1506,4.0
1507,17.0
1508,7.0
1509,5.0
1510,10.0
1511,8.0
1512,8.0
1513,4.0
1514,9.0
1515,7.0
1516,7.0
1517,10.0
1518,10.0
1519,10.0
1520,6.0
1521,12.0
1522,9.0
1523,7.0
1524,7.0
1525,8.0
1526,5.0
1527,12.0
1528,9.0
1529,13.0
1530,9.0
1531,7.0
1532,3.0
1533,4.0
1534,4.0
1535,7.0
1536,4.0
1537,10.0
1538,3.0
1539,4.0
1540,4.0
1541,4.0
1542,4.0
1543,14.0
1544,8.0
1545,6.0
1546,13.0
1547,8.0
1548,11.0
1549,9.0
1550,9.0
1551,4.0
1552,7.0
1553,5.0
1554,7.0
1555,5.0
1556,3.0
1557,4.0
1558,6.0
1559,8.0
1560,3.0
1561,6.0
1562,7.0
1563,6.0
1564,9.0
1565,5.0
1566,9.0
1567,5.0
1568,4.0
1569,8.0
1570,4.0
1571,4.0
1572,4.0
1573,7.0
1574,7.0
1575,5.0
1576,4.0
1577,9.0
1578,3.0
1579,5.0
1580,4.0
1581,4.0
1582,4.0
1583,4.0
1584,5.0
1585,6.0
1586,12.0
1587,7.0
1588,5.0
1589,4.0
1590,3.0
1591,6.0
1592,7.0
1593,4.0
1594,4.0
1595,11.0
1596,5.0
1597,10.0
1598,10.0
1599,9.0
1600,10.0
1601,11.0
1602,14.0
1603,10.0
1604,8.0
1605,12.0
1606,6.0
1607,7.0
1608,10.0
1609,4.0
1610,4.0
1611,8.0
1612,6.0
1613,6.0
1614,9.0
1615,5.0
1616,7.0
1617,11.0
1618,5.0
1619,8.0
1620,6.0
1621,9.0
1622,6.0
1623,6.0
1624,5.0
1625,8.0
1626,5.0
1627,9.0
1628,7.0
1629,8.0
1630,11.0
1631,8.0
1632,17.0
1633,5.0
1634,15.0
1635,10.0
1636,7.0
1637,5.0
1638,7.0
1639,5.0
1640,15.0
1641,6.0
1642,6.0
1643,8.0
1644,8.0
1645,10.0
1646,9.0
1647,11.0
1648,23.0
1649,19.0
1650,7.0
1651,18.0
1652,12.0
1653,5.0
1654,6.0
1655,3.0
1656,6.0
1657,10.0
1658,5.0
1659,6.0
1660,4.0
1661,5.0
1662,9.0
1663,9.0
1664,8.0
1665,5.0
1666,5.0
1667,10.0
1668,7.0
1669,10.0
1670,9.0
1671,11.0
1672,9.0
1673,8.0
1674,11.0
1675,11.0
1676,8.0
1677,11.0
1678,5.0
1679,5.0
1680,9.0
1681,6.0
1682,9.0
1683,8.0
1684,7.0
1685,8.0
1686,7.0
1687,9.0
1688,11.0
1689,10.0
1690,24.0
1691,14.0
1692,10.0
1693,17.0
1694,7.0
1695,8.0
1696,6.0
1697,16.0
1698,8.0
1699,8.0
1700,4.0
1701,9.0
1702,7.0
1703,8.0
1704,5.0
1705,8.0
1706,26.0
1707,18.0
1708,5.0
1709,29.0
1710,27.0
1711,5.0
1712,17.0
1713,8.0
1714,29.0
1715,17.0
1716,12.0
1717,15.0
1718,5.0
1719,14.0
1720,6.0
1721,4.0
1722,6.0
1723,12.0
1724,9.0
1725,9.0
1726,9.0
1727,7.0
1728,10.0
1729,7.0
1730,6.0
1731,4.0
1732,5.0
1733,6.0
1734,4.0
1735,10.0
1736,19.0
1737,12.0
1738,8.0
1739,4.0
1740,4.0
1741,10.0
1742,5.0
1743,6.0
1744,10.0
1745,18.0
1746,9.0
1747,12.0
1748,10.0
1749,14.0
1750,10.0
1751,6.0
1752,10.0
1753,5.0
1754,4.0
1755,4.0
1756,3.0
1757,6.0
1758,6.0
1759,6.0
1760,8.0
1761,5.0
1762,12.0
1763,10.0
1764,7.0
1765,9.0
1766,7.0
1767,5.0
1768,12.0
1769,8.0
1770,7.0
1771,9.0
1772,5.0
1773,6.0
1774,8.0
1775,4.0
1776,11.0
1777,10.0
1778,7.0
1779,5.0
1780,4.0
1781,6.0
1782,5.0
1783,4.0
1784,3.0
1785,4.0
1786,4.0
1787,4.0
1788,6.0
1789,6.0
1790,7.0
1791,6.0
1792,7.0
1793,5.0
1794,9.0
1795,8.0
1796,5.0
1797,8.0
1798,6.0
1799,8.0
1800,8.0
1801,3.0
1802,10.0
1803,3.0
1804,3.0
1805,7.0
1806,4.0
1807,4.0
1808,6.0
1809,5.0
1810,4.0
1811,4.0
1812,4.0
1813,4.0
1814,4.0
1815,6.0
1816,12.0
1817,5.0
1818,8.0
1819,5.0
1820,8.0
1821,5.0
1822,4.0
1823,7.0
1824,9.0
1825,8.0
1826,12.0
1827,10.0
1828,8.0
1829,5.0
1830,11.0
1831,15.0
1832,14.0
1833,16.0
1834,13.0
1835,16.0
1836,9.0
1837,8.0
1838,16.0
1839,16.0
1840,15.0
1841,14.0
1842,9.0
1843,15.0
1844,13.0
1845,21.0
1846,16.0
1847,11.0
1848,9.0
1849,10.0
1850,11.0
1851,10.0
1852,9.0
1853,8.0
1854,6.0
1855,5.0
1856,7.0
1857,4.0
1858,5.0
1859,3.0
1860,3.0
1861,4.0
1862,8.0
1863,7.0
1864,8.0
1865,15.0
1866,8.0
1867,6.0
1868,10.0
1869,8.0
1870,6.0
1871,5.0
1872,6.0
1873,5.0
1874,7.0
1875,16.0
1876,10.0
1877,13.0
1878,9.0
1879,7.0
1880,10.0
1881,5.0
1882,11.0
1883,6.0
1884,3.0
1885,4.0
1886,6.0
1887,13.0
1888,8.0
1889,9.0
1890,5.0
1891,6.0
1892,5.0
1893,9.0
1894,9.0
1895,8.0
1896,3.0
1897,7.0
1898,4.0
1899,3.0
1900,8.0
1901,10.0
1902,10.0
1903,6.0
1904,7.0
1905,3.0
1906,10.0
1907,13.0
1908,10.0
1909,4.0
1910,4.0
1911,3.0
1912,4.0
1913,3.0
1914,3.0
1915,3.0
1916,6.0
1917,7.0
1918,11.0
1919,4.0
1920,20.0
1921,13.0
1922,4.0
1923,7.0
1924,8.0
1925,11.0
1926,8.0
1927,6.0
1928,4.0
1929,4.0
1930,5.0
1931,6.0
1932,7.0
1933,8.0
1934,10.0
1935,15.0
1936,9.0
1937,4.0
1938,8.0
1939,7.0
1940,7.0
1941,9.0
1942,12.0
1943,16.0
1944,9.0
1945,4.0
1946,8.0
1947,11.0
1948,14.0
1949,3.0
1950,17.0
1951,6.0
1952,9.0
1953,15.0
1954,3.0
1955,5.0
1956,4.0
1957,3.0
1958,4.0
1959,3.0
1960,3.0
1961,5.0
1962,9.0
1963,7.0
1964,6.0
1965,10.0
1966,13.0
1967,10.0
1968,5.0
1969,11.0
1970,6.0
1971,4.0
1972,5.0
1973,8.0
1974,5.0
1975,5.0
1976,5.0
1977,4.0
1978,21.0
1979,7.0
1980,7.0
1981,10.0
1982,10.0
1983,4.0
1984,4.0
1985,4.0
1986,5.0
1987,5.0
1988,5.0
1989,7.0
1990,9.0
1991,5.0
1992,7.0
1993,5.0
1994,7.0
1995,10.0
1996,7.0
1997,4.0
1998,6.0
1999,4.0
2000,6.0
2001,4.0
2002,7.0
2003,3.0
2004,10.0
2005,8.0
2006,10.0
2007,6.0
2008,8.0
2009,11.0
2010,5.0
2011,14.0
2012,22.0
2013,8.0
2014,12.0
2015,8.0
2016,7.0
2017,6.0
2018,5.0
2019,7.0
2020,6.0
2021,16.0
2022,5.0
2023,6.0
2024,4.0
2025,12.0
2026,7.0
2027,32.0
2028,11.0
2029,12.0
2030,13.0
2031,4.0
2032,16.0
2033,11.0
2034,9.0
2035,10.0
2036,15.0
2037,7.0
2038,4.0
2039,8.0
2040,8.0
2041,4.0
2042,4.0
2043,12.0
2044,14.0
2045,6.0
2046,7.0
2047,9.0
2048,10.0
2049,6.0
2050,6.0
2051,6.0
2052,12.0
2053,4.0
2054,5.0
2055,5.0
2056,7.0
2057,5.0
2058,3.0
2059,4.0
2060,9.0
2061,6.0
2062,4.0
2063,8.0
2064,4.0
2065,6.0
2066,11.0
2067,8.0
2068,8.0
2069,10.0
2070,12.0
2071,9.0
2072,19.0
2073,5.0
2074,5.0
2075,11.0
2076,4.0
2077,7.0
2078,5.0
2079,4.0
2080,4.0
2081,6.0
2082,3.0
2083,6.0
2084,5.0
2085,13.0
2086,6.0
2087,16.0
2088,6.0
2089,5.0
2090,12.0
2091,10.0
2092,5.0
2093,5.0
2094,5.0
2095,10.0
2096,3.0
2097,5.0
2098,6.0
2099,8.0
2100,3.0
2101,4.0
2102,7.0
2103,4.0
2104,12.0
2105,7.0
2106,23.0
2107,8.0
2108,9.0
2109,5.0
2110,41.0
2111,18.0
2112,33.0
2113,21.0
2114,16.0
2115,25.0
2116,17.0
2117,26.0
2118,7.0
2119,9.0
2120,5.0
2121,9.0
2122,5.0
2123,3.0
2124,4.0
2125,7.0
2126,9.0
2127,6.0
2128,9.0
2129,10.0
2130,9.0
2131,6.0
2132,4.0
2133,3.0
2134,4.0
2135,5.0
2136,11.0
2137,7.0
2138,15.0
2139,5.0
2140,9.0
2141,7.0
2142,8.0
2143,14.0
2144,4.0
2145,4.0
2146,5.0
2147,5.0
2148,8.0
2149,7.0
2150,20.0
2151,10.0
2152,13.0
2153,9.0
2154,5.0
2155,13.0
2156,6.0
2157,6.0
2158,8.0
2159,9.0
2160,10.0
2161,8.0
2162,5.0
2163,7.0
2164,11.0
2165,8.0
2166,6.0
2167,3.0
2168,6.0
2169,5.0
2170,4.0
2171,5.0
2172,10.0
2173,5.0
2174,5.0
2175,8.0
2176,5.0
2177,5.0
2178,10.0
2179,6.0
2180,5.0
2181,6.0
2182,13.0
2183,8.0
2184,12.0
2185,42.0
2186,10.0
2187,5.0
2188,6.0
2189,4.0
2190,10.0
2191,3.0
2192,5.0
2193,5.0
2194,5.0
2195,4.0
2196,3.0
2197,6.0
2198,6.0
2199,5.0
2200,4.0
2201,5.0
2202,4.0
2203,5.0
2204,3.0
2205,4.0
2206,7.0
2207,3.0
2208,4.0
2209,22.0
2210,4.0
2211,6.0
2212,8.0
2213,4.0
2214,4.0
2215,6.0
2216,5.0
2217,6.0
2218,8.0
2219,6.0
2220,7.0
2221,6.0
2222,6.0
2223,7.0
2224,12.0
2225,7.0
2226,4.0
2227,10.0
2228,15.0
2229,5.0
2230,8.0
2231,14.0
2232,11.0
2233,12.0
2234,6.0
2235,4.0
2236,7.0
2237,8.0
2238,9.0
2239,9.0
2240,13.0
2241,5.0
2242,7.0
2243,4.0
2244,9.0
2245,5.0
2246,13.0
2247,4.0
2248,6.0
2249,11.0
2250,23.0
2251,8.0
2252,8.0
2253,8.0
2254,12.0
2255,10.0
2256,9.0
2257,5.0
2258,17.0
2259,11.0
2260,7.0
2261,4.0
2262,4.0
2263,6.0
2264,14.0
2265,5.0
2266,4.0
2267,10.0
2268,7.0
2269,5.0
2270,11.0
2271,10.0
2272,8.0
2273,4.0
2274,5.0
2275,6.0
2276,5.0
2277,6.0
2278,18.0
2279,16.0
2280,10.0
2281,9.0
2282,6.0
2283,5.0
2284,8.0
2285,12.0
2286,10.0
2287,5.0
2288,8.0
2289,17.0
2290,7.0
2291,9.0
2292,15.0
2293,15.0
2294,8.0
2295,10.0
2296,15.0
2297,12.0
2298,5.0
2299,4.0
2300,5.0
2301,4.0
2302,8.0
2303,6.0
2304,9.0
2305,6.0
2306,10.0
2307,8.0
2308,6.0
2309,7.0
2310,11.0
2311,3.0
2312,7.0
2313,8.0
2314,5.0
2315,8.0
2316,9.0
2317,4.0
2318,4.0
2319,4.0
2320,3.0
2321,6.0
2322,4.0
2323,5.0
2324,6.0
2325,3.0
2326,5.0
2327,5.0
2328,10.0
2329,4.0
2330,4.0
2331,8.0
2332,4.0
2333,9.0
2334,6.0
2335,8.0
2336,4.0
2337,5.0
2338,4.0
2339,3.0
2340,6.0
2341,11.0
2342,4.0
2343,12.0
2344,5.0
2345,4.0
2346,11.0
2347,4.0
2348,10.0
2349,8.0
2350,9.0
2351,8.0
2352,16.0
2353,9.0
2354,5.0
2355,7.0
2356,5.0
2357,6.0
2358,4.0
2359,4.0
2360,6.0
2361,7.0
2362,8.0
2363,8.0
2364,10.0
2365,7.0
2366,3.0
2367,7.0
2368,8.0
2369,4.0
2370,4.0
2371,5.0
2372,6.0
2373,8.0
2374,9.0
2375,19.0
2376,8.0
2377,6.0
2378,5.0
2379,9.0
2380,4.0
2381,4.0
2382,5.0
2383,5.0
2384,3.0
2385,3.0
2386,4.0
2387,5.0
2388,10.0
2389,6.0
2390,17.0
2391,5.0
2392,4.0
2393,10.0
2394,4.0
2395,4.0
2396,4.0
2397,4.0
2398,9.0
2399,8.0
2400,3.0
2401,4.0
2402,6.0
2403,7.0
2404,7.0
2405,5.0
2406,4.0
2407,3.0
2408,6.0
2409,7.0
2410,3.0
2411,6.0
2412,11.0
2413,5.0
2414,16.0
2415,4.0
2416,7.0
2417,11.0
2418,8.0
2419,5.0
2420,19.0
2421,4.0
2422,20.0
2423,8.0
2424,65.0
2425,7.0
2426,6.0
2427,3.0
2428,11.0
2429,15.0
2430,6.0
2431,4.0
2432,3.0
2433,9.0
2434,4.0
2435,4.0
2436,6.0
2437,7.0
2438,9.0
2439,6.0
2440,3.0
2441,13.0
2442,6.0
2443,3.0
2444,10.0
2445,4.0
2446,5.0
2447,7.0
2448,10.0
2449,11.0
2450,7.0
2451,9.0
2452,10.0
2453,13.0
2454,15.0
2455,10.0
2456,13.0
2457,9.0
2458,5.0
2459,9.0
2460,7.0
2461,11.0
2462,8.0
2463,16.0
2464,32.0
2465,5.0
2466,6.0
2467,10.0
2468,7.0
2469,5.0
2470,3.0
2471,7.0
2472,4.0
2473,9.0
2474,6.0
2475,4.0
2476,4.0
2477,3.0
2478,4.0
2479,6.0
2480,4.0
2481,8.0
2482,5.0
2483,5.0
2484,9.0
2485,10.0
2486,10.0
2487,20.0
2488,8.0
2489,7.0
2490,7.0
2491,9.0
2492,11.0
2493,16.0
2494,3.0
2495,13.0
2496,3.0
2497,3.0
2498,3.0
2499,5.0
2500,5.0
2501,5.0
2502,3.0
2503,4.0
2504,7.0
2505,11.0
2506,12.0
2507,12.0
2508,4.0
2509,7.0
2510,10.0
2511,12.0
2512,5.0
2513,10.0
2514,7.0
2515,8.0
2516,13.0
2517,5.0
2518,4.0
2519,7.0
2520,7.0
2521,18.0
2522,22.0
2523,22.0
2524,9.0
2525,66.0
2526,4.0
2527,19.0
2528,18.0
2529,6.0
2530,8.0
2531,30.0
2532,7.0
2533,13.0
2534,15.0
2535,7.0
2536,7.0
2537,27.0
2538,19.0
2539,9.0
2540,7.0
2541,10.0
2542,6.0
2543,5.0
2544,7.0
2545,10.0
2546,10.0
2547,4.0
2548,7.0
2549,5.0
2550,10.0
2551,10.0
2552,3.0
2553,4.0
2554,4.0
2555,3.0
2556,9.0
2557,27.0
2558,4.0
2559,8.0
2560,3.0
2561,5.0
2562,9.0
2563,7.0
2564,5.0
2565,19.0
2566,4.0
2567,4.0
2568,4.0
2569,5.0
2570,9.0
2571,4.0
2572,9.0
2573,7.0
2574,10.0
2575,15.0
2576,10.0
2577,25.0
2578,5.0
2579,8.0
2580,10.0
2581,10.0
2582,8.0
2583,5.0
2584,6.0
2585,5.0
2586,7.0
2587,10.0
2588,8.0
2589,7.0
2590,7.0
2591,5.0
2592,6.0
2593,9.0
2594,9.0
2595,16.0
2596,8.0
2597,6.0
2598,8.0
2599,9.0
2600,5.0
2601,6.0
2602,4.0
2603,6.0
2604,3.0
2605,4.0
2606,7.0
2607,5.0
2608,3.0
2609,3.0
2610,4.0
2611,4.0
2612,3.0
2613,4.0
2614,7.0
2615,3.0
2616,3.0
2617,4.0
2618,4.0
2619,5.0
2620,10.0
2621,8.0
2622,11.0
2623,4.0
2624,8.0
2625,6.0
2626,3.0
2627,4.0
2628,3.0
2629,3.0
2630,5.0
2631,3.0
2632,4.0
2633,4.0
2634,4.0
2635,8.0
2636,24.0
2637,12.0
2638,11.0
2639,8.0
2640,4.0
2641,12.0
2642,8.0
2643,13.0
2644,9.0
2645,12.0
2646,9.0
2647,7.0
2648,6.0
2649,12.0
2650,9.0
2651,9.0
2652,12.0
2653,11.0
2654,11.0
2655,11.0
2656,6.0
2657,5.0
2658,7.0
2659,8.0
2660,4.0
2661,8.0
2662,6.0
2663,7.0
2664,6.0
2665,4.0
2666,6.0
2667,9.0
2668,4.0
2669,4.0
2670,8.0
2671,8.0
2672,7.0
2673,8.0
2674,4.0
2675,4.0
2676,4.0
2677,12.0
2678,6.0
2679,6.0
2680,10.0
2681,7.0
2682,7.0
2683,10.0
2684,7.0
2685,9.0
2686,6.0
2687,7.0
2688,6.0
2689,6.0
2690,10.0
2691,4.0
2692,4.0
2693,3.0
2694,3.0
2695,4.0
2696,5.0
2697,3.0
2698,6.0
2699,7.0
2700,7.0
2701,3.0
2702,3.0
2703,9.0
2704,4.0
2705,4.0
2706,7.0
2707,6.0
2708,11.0
2709,5.0
2710,14.0
2711,6.0
2712,6.0
2713,4.0
2714,7.0
2715,13.0
2716,4.0
2717,9.0
2718,6.0
2719,6.0
2720,13.0
2721,5.0
2722,13.0
2723,10.0
2724,16.0
2725,8.0
2726,6.0
2727,10.0
2728,4.0
2729,9.0
2730,7.0
2731,5.0
2732,7.0
2733,8.0
2734,22.0
2735,3.0
2736,3.0
2737,5.0
2738,4.0
2739,7.0
2740,15.0
2741,17.0
2742,11.0
2743,10.0
2744,10.0
2745,11.0
2746,4.0
2747,10.0
2748,15.0
2749,13.0
2750,7.0
2751,10.0
2752,11.0
2753,11.0
2754,12.0
2755,7.0
2756,7.0
2757,7.0
2758,10.0
2759,53.0
2760,24.0
2761,16.0
2762,44.0
2763,15.0
2764,16.0
2765,22.0
2766,18.0
2767,16.0
2768,9.0
2769,15.0
2770,4.0
2771,5.0
2772,4.0
2773,5.0
2774,8.0
2775,8.0
2776,7.0
2777,5.0
2778,10.0
2779,8.0
2780,5.0
2781,10.0
2782,4.0
2783,5.0
2784,3.0
2785,3.0
2786,3.0
2787,4.0
2788,12.0
2789,11.0
2790,10.0
2791,5.0
2792,4.0
2793,3.0
2794,5.0
2795,3.0
2796,3.0
2797,3.0
2798,4.0
2799,5.0
2800,4.0
2801,4.0
2802,4.0
2803,4.0
2804,17.0
2805,6.0
2806,20.0
2807,15.0
2808,12.0
2809,9.0
2810,7.0
2811,7.0
2812,17.0
2813,6.0
2814,6.0
2815,19.0
2816,23.0
2817,6.0
2818,5.0
2819,53.0
2820,24.0
2821,8.0
2822,4.0
2823,15.0
2824,6.0
2825,23.0
2826,14.0
2827,5.0
2828,5.0
2829,6.0
2830,5.0
2831,8.0
2832,6.0
2833,8.0
2834,7.0
2835,7.0
2836,11.0
2837,10.0
2838,15.0
2839,6.0
2840,4.0
2841,3.0
2842,3.0
2843,4.0
2844,6.0
2845,8.0
2846,4.0
2847,3.0
2848,4.0
2849,4.0
2850,3.0
2851,4.0
2852,4.0
2853,11.0
2854,4.0
2855,12.0
2856,5.0
2857,7.0
2858,5.0
2859,6.0
2860,11.0
2861,64.0
2862,42.0
2863,17.0
2864,13.0
2865,53.0
2866,24.0
2867,13.0
2868,13.0
2869,47.0
2870,12.0
2871,14.0
2872,8.0
2873,12.0
2874,7.0
2875,8.0
2876,3.0
2877,9.0
2878,10.0
2879,12.0
2880,7.0
2881,8.0
2882,4.0
2883,10.0
2884,11.0
2885,5.0
2886,10.0
2887,6.0
2888,4.0
2889,4.0
2890,8.0
2891,10.0
2892,52.0
2893,8.0
2894,20.0
2895,46.0
2896,10.0
2897,11.0
2898,5.0
2899,9.0
2900,10.0
2901,10.0
2902,9.0
2903,4.0
2904,7.0
2905,8.0
2906,6.0
2907,6.0
2908,4.0
2909,4.0
2910,5.0
2911,5.0
2912,7.0
2913,3.0
2914,4.0
2915,9.0
2916,7.0
2917,13.0
2918,12.0
2919,5.0
2920,9.0
2921,6.0
2922,13.0
2923,18.0
2924,13.0
2925,11.0
2926,11.0
2927,13.0
2928,20.0
2929,17.0
2930,9.0
2931,24.0
2932,9.0
2933,8.0
2934,20.0
2935,14.0
2936,25.0
2937,9.0
2938,22.0
2939,6.0
2940,9.0
2941,8.0
2942,37.0
2943,9.0
2944,5.0
2945,16.0
2946,80.0
2947,14.0
2948,6.0
2949,7.0
2950,5.0
2951,5.0
2952,11.0
2953,5.0
2954,7.0
2955,9.0
2956,9.0
2957,9.0
2958,9.0
2959,11.0
2960,7.0
2961,19.0
2962,5.0
2963,7.0
2964,7.0
2965,5.0
2966,7.0
2967,6.0
2968,6.0
2969,5.0
2970,9.0
2971,6.0
2972,9.0
2973,13.0
2974,9.0
2975,8.0
2976,5.0
2977,10.0
2978,8.0
2979,4.0
2980,12.0
2981,12.0
2982,4.0
2983,9.0
2984,9.0
2985,3.0
2986,4.0
2987,6.0
2988,3.0
2989,3.0
2990,10.0
2991,16.0
2992,5.0
2993,6.0
2994,12.0
2995,9.0
2996,8.0
2997,9.0
2998,7.0
2999,9.0
3000,11.0
3001,19.0
3002,15.0
3003,10.0
3004,8.0
3005,12.0
3006,10.0
3007,11.0
3008,11.0
3009,8.0
3010,15.0
3011,12.0
3012,11.0
3013,6.0
3014,4.0
3015,5.0
3016,10.0
3017,7.0
3018,5.0
3019,14.0
3020,3.0
3021,53.0
3022,3.0
3023,3.0
3024,4.0
3025,8.0
3026,4.0
3027,6.0
3028,8.0
3029,5.0
3030,6.0
3031,4.0
3032,7.0
3033,3.0
3034,4.0
3035,3.0
3036,4.0
3037,7.0
3038,7.0
3039,10.0
3040,10.0
3041,3.0
3042,6.0
3043,9.0
3044,5.0
3045,7.0
3046,6.0
3047,5.0
3048,8.0
3049,4.0
3050,6.0
3051,4.0
3052,11.0
3053,7.0
3054,6.0
3055,5.0
3056,7.0
3057,7.0
3058,7.0
3059,8.0
3060,5.0
3061,5.0
3062,5.0
3063,4.0
3064,4.0
3065,7.0
3066,3.0
3067,6.0
3068,7.0
3069,6.0
3070,11.0
3071,10.0
3072,7.0
3073,6.0
3074,5.0
3075,3.0
3076,9.0
3077,5.0
3078,7.0
3079,6.0
3080,5.0
3081,6.0
3082,5.0
3083,7.0
3084,7.0
3085,5.0
3086,4.0
3087,8.0
3088,10.0
3089,12.0
3090,10.0
3091,5.0
3092,4.0
3093,5.0
3094,6.0
3095,8.0
3096,7.0
3097,7.0
3098,4.0
3099,10.0
3100,6.0
3101,4.0
3102,10.0
3103,4.0
3104,6.0
3105,6.0
3106,7.0
3107,7.0
3108,4.0
3109,3.0
3110,4.0
3111,10.0
3112,9.0
3113,13.0
3114,10.0
3115,7.0
3116,12.0
3117,4.0
3118,5.0
3119,4.0
3120,5.0
3121,3.0
3122,9.0
3123,3.0
3124,5.0
3125,5.0
3126,7.0
3127,4.0
3128,6.0
3129,8.0
3130,3.0
3131,4.0
3132,13.0
3133,5.0
3134,11.0
3135,18.0
3136,18.0
3137,4.0
3138,11.0
3139,4.0
3140,20.0
3141,20.0
3142,27.0
3143,5.0
3144,15.0
3145,3.0
3146,7.0
3147,6.0
3148,8.0
3149,5.0
3150,4.0
3151,7.0
3152,6.0
3153,9.0
3154,4.0
3155,6.0
3156,23.0
3157,18.0
3158,16.0
3159,44.0
3160,14.0
3161,12.0
3162,9.0
3163,4.0
3164,4.0
3165,7.0
3166,11.0
3167,6.0
3168,8.0
3169,8.0
3170,12.0
3171,72.0
3172,4.0
3173,8.0
3174,17.0
3175,6.0
3176,11.0
3177,3.0
3178,4.0
3179,8.0
3180,4.0
3181,6.0
3182,11.0
3183,8.0
3184,10.0
3185,12.0
3186,7.0
3187,8.0
3188,12.0
3189,5.0
3190,7.0
3191,7.0
3192,6.0
3193,4.0
3194,15.0
3195,7.0
3196,4.0
3197,7.0
3198,6.0
3199,9.0
3200,7.0
3201,4.0
3202,5.0
3203,8.0
3204,8.0
3205,7.0
3206,10.0
3207,14.0
3208,14.0
3209,14.0
3210,8.0
3211,7.0
3212,9.0
3213,9.0
3214,12.0
3215,5.0
3216,10.0
3217,9.0
3218,3.0
3219,11.0
3220,4.0
3221,5.0
3222,6.0
3223,16.0
3224,4.0
3225,5.0
3226,6.0
3227,8.0
3228,11.0
3229,9.0
3230,9.0
3231,11.0
3232,7.0
3233,11.0
3234,4.0
3235,8.0
3236,7.0
3237,13.0
3238,9.0
3239,9.0
3240,14.0
3241,14.0
3242,6.0
3243,14.0
3244,10.0
3245,14.0
3246,5.0
3247,6.0
3248,9.0
3249,9.0
3250,14.0
3251,9.0
3252,9.0
3253,4.0
3254,7.0
3255,7.0
3256,7.0
3257,5.0
3258,7.0
3259,8.0
3260,4.0
3261,14.0
3262,6.0
3263,5.0
3264,11.0
3265,5.0
3266,6.0
3267,6.0
3268,4.0
3269,9.0
3270,4.0
3271,4.0
3272,8.0
3273,12.0
3274,4.0
3275,4.0
3276,4.0
3277,10.0
3278,4.0
3279,7.0
3280,4.0
3281,5.0
3282,4.0
3283,8.0
3284,10.0
3285,6.0
3286,6.0
3287,20.0
3288,12.0
3289,4.0
3290,14.0
3291,14.0
3292,4.0
3293,5.0
3294,14.0
3295,4.0
3296,11.0
3297,5.0
3298,6.0
3299,4.0
3300,7.0
3301,4.0
3302,9.0
3303,9.0
3304,5.0
3305,52.0
3306,44.0
3307,47.0
3308,24.0
3309,12.0
3310,17.0
3311,15.0
3312,15.0
3313,4.0
3314,16.0
3315,11.0
3316,8.0
3317,18.0
3318,9.0
3319,15.0
3320,10.0
3321,8.0
3322,6.0
3323,4.0
3324,6.0
3325,9.0
3326,5.0
3327,10.0
3328,4.0
3329,3.0
3330,4.0
3331,4.0
3332,8.0
3333,5.0
3334,4.0
3335,4.0
3336,6.0
3337,3.0
3338,7.0
3339,3.0
3340,12.0
3341,9.0
3342,4.0
3343,7.0
3344,7.0
3345,6.0
3346,8.0
3347,6.0
3348,3.0
3349,4.0
3350,6.0
3351,9.0
3352,6.0
3353,8.0
3354,8.0
3355,5.0
3356,8.0
3357,6.0
3358,10.0
3359,10.0
3360,11.0
3361,8.0
3362,4.0
3363,5.0
3364,4.0
3365,6.0
3366,5.0
3367,4.0
3368,4.0
3369,4.0
3370,4.0
3371,12.0
3372,5.0
3373,6.0
3374,6.0
3375,9.0
3376,8.0
3377,9.0
3378,24.0
3379,13.0
3380,15.0
3381,6.0
3382,4.0
3383,5.0
3384,4.0
3385,3.0
3386,27.0
3387,8.0
3388,4.0
3389,8.0
3390,10.0
3391,7.0
3392,5.0
3393,13.0
3394,6.0
3395,7.0
3396,9.0
3397,5.0
3398,3.0
3399,4.0
3400,5.0
3401,5.0
3402,4.0
3403,4.0
3404,4.0
3405,5.0
3406,4.0
3407,5.0
3408,14.0
3409,13.0
3410,5.0
3411,7.0
3412,4.0
3413,5.0
3414,8.0
3415,7.0
3416,7.0
3417,9.0
3418,5.0
3419,21.0
3420,37.0
3421,4.0
3422,4.0
3423,4.0
3424,12.0
3425,7.0
3426,4.0
3427,4.0
3428,4.0
3429,13.0
3430,6.0
3431,22.0
3432,18.0
3433,11.0
3434,8.0
3435,8.0
3436,12.0
3437,9.0
3438,9.0
3439,3.0
3440,9.0
3441,10.0
3442,4.0
3443,8.0
3444,9.0
3445,13.0
3446,9.0
3447,16.0
3448,6.0
3449,8.0
3450,13.0
3451,9.0
3452,21.0
3453,19.0
3454,7.0
3455,14.0
3456,12.0
3457,18.0
3458,12.0
3459,16.0
3460,12.0
3461,11.0
3462,7.0
3463,11.0
3464,9.0
3465,13.0
3466,14.0
3467,8.0
3468,13.0
3469,43.0
3470,26.0
3471,86.0
3472,28.0
3473,7.0
3474,7.0
3475,7.0
3476,12.0
3477,8.0
3478,7.0
3479,7.0
3480,5.0
3481,13.0
3482,11.0
3483,12.0
3484,18.0
3485,11.0
3486,4.0
3487,6.0
3488,3.0
3489,5.0
3490,4.0
3491,6.0
3492,5.0
3493,8.0
3494,15.0
3495,3.0
3496,8.0
3497,5.0
3498,6.0
3499,6.0
3500,8.0
3501,4.0
3502,4.0
3503,3.0
3504,4.0
3505,6.0
3506,11.0
3507,6.0
3508,6.0
3509,4.0
3510,10.0
3511,7.0
3512,5.0
3513,8.0
3514,7.0
3515,5.0
3516,5.0
3517,11.0
3518,12.0
3519,11.0
3520,4.0
3521,8.0
3522,6.0
3523,4.0
3524,6.0
3525,4.0
3526,4.0
3527,4.0
3528,6.0
3529,6.0
3530,6.0
3531,5.0
3532,5.0
3533,10.0
3534,4.0
3535,7.0
3536,10.0
3537,3.0
3538,4.0
3539,7.0
3540,4.0
3541,5.0
3542,7.0
3543,8.0
3544,9.0
3545,9.0
3546,5.0
3547,6.0
3548,4.0
3549,10.0
3550,17.0
3551,5.0
3552,6.0
3553,5.0
3554,14.0
3555,9.0
3556,13.0
3557,9.0
3558,4.0
3559,3.0
3560,8.0
3561,5.0
3562,3.0
3563,6.0
3564,5.0
3565,10.0
3566,4.0
3567,8.0
3568,16.0
3569,6.0
3570,5.0
3571,20.0
3572,13.0
3573,10.0
3574,10.0
3575,20.0
3576,8.0
3577,16.0
3578,16.0
3579,28.0
3580,6.0
3581,7.0
3582,11.0
3583,8.0
3584,14.0
3585,12.0
3586,5.0
3587,25.0
3588,20.0
3589,8.0
3590,10.0
3591,10.0
3592,11.0
3593,36.0
3594,7.0
3595,5.0
3596,13.0
3597,11.0
3598,16.0
3599,11.0
3600,6.0
3601,24.0
3602,12.0
3603,11.0
3604,13.0
3605,16.0
3606,13.0
3607,16.0
3608,11.0
3609,18.0
3610,21.0
3611,16.0
3612,12.0
3613,12.0
3614,19.0
3615,14.0
3616,15.0
3617,23.0
3618,6.0
3619,5.0
3620,21.0
3621,7.0
3622,8.0
3623,11.0
3624,9.0
3625,3.0
3626,4.0
3627,4.0
3628,4.0
3629,8.0
3630,17.0
3631,14.0
3632,6.0
3633,8.0
3634,5.0
3635,9.0
3636,5.0
3637,5.0
3638,10.0
3639,4.0
3640,8.0
3641,8.0
3642,8.0
3643,5.0
3644,4.0
3645,5.0
3646,5.0
3647,13.0
3648,11.0
3649,8.0
3650,9.0
3651,3.0
3652,4.0
3653,4.0
3654,5.0
3655,3.0
3656,5.0
3657,19.0
3658,10.0
3659,4.0
3660,14.0
3661,47.0
3662,9.0
3663,10.0
3664,14.0
3665,13.0
3666,44.0
3667,5.0
3668,5.0
3669,64.0
3670,9.0
3671,25.0
3672,14.0
3673,9.0
3674,15.0
3675,7.0
3676,4.0
3677,5.0
3678,5.0
3679,13.0
3680,17.0
3681,16.0
3682,24.0
3683,7.0
3684,12.0
3685,4.0
3686,4.0
3687,4.0
3688,4.0
3689,10.0
3690,9.0
3691,9.0
3692,9.0
3693,8.0
3694,7.0
3695,14.0
3696,8.0
3697,8.0
3698,10.0
3699,4.0
3700,9.0
3701,15.0
3702,4.0
3703,6.0
3704,4.0
3705,4.0
3706,6.0
3707,8.0
3708,8.0
3709,5.0
3710,7.0
3711,5.0
3712,3.0
3713,4.0
3714,8.0
3715,4.0
3716,7.0
3717,4.0
3718,4.0
3719,4.0
3720,4.0
3721,10.0
3722,8.0
3723,6.0
3724,5.0
3725,10.0
3726,6.0
3727,4.0
3728,19.0
3729,4.0
3730,3.0
3731,9.0
3732,9.0
3733,7.0
3734,4.0
3735,7.0
3736,3.0
3737,9.0
3738,4.0
3739,5.0
3740,7.0
3741,10.0
3742,4.0
3743,4.0
3744,4.0
3745,4.0
3746,5.0
3747,4.0
3748,3.0
3749,11.0
3750,6.0
3751,5.0
3752,5.0
3753,4.0
3754,8.0
3755,6.0
3756,6.0
3757,8.0
3758,9.0
3759,7.0
3760,4.0
3761,4.0
3762,8.0
3763,12.0
3764,5.0
3765,12.0
3766,5.0
3767,4.0
3768,4.0
3769,4.0
3770,8.0
3771,3.0
3772,4.0
3773,6.0
3774,4.0
3775,5.0
3776,8.0
3777,6.0
3778,7.0
3779,7.0
3780,3.0
3781,9.0
3782,20.0
3783,9.0
3784,10.0
3785,9.0
3786,3.0
3787,7.0
3788,17.0
3789,5.0
3790,18.0
3791,3.0
3792,4.0
3793,15.0
3794,9.0
3795,5.0
3796,7.0
3797,5.0
3798,7.0
3799,4.0
3800,6.0
3801,7.0
3802,7.0
3803,6.0
3804,7.0
3805,8.0
3806,4.0
3807,4.0
3808,6.0
3809,4.0
3810,7.0
3811,3.0
3812,9.0
3813,4.0
3814,5.0
3815,8.0
3816,11.0
3817,5.0
3818,12.0
3819,8.0
3820,5.0
3821,7.0
3822,10.0
3823,4.0
3824,9.0
3825,7.0
3826,5.0
3827,4.0
3828,3.0
3829,6.0
3830,3.0
3831,3.0
3832,5.0
3833,3.0
3834,6.0
3835,8.0
3836,10.0
3837,6.0
3838,7.0
3839,7.0
3840,3.0
3841,4.0
3842,4.0
3843,8.0
3844,3.0
3845,8.0
3846,9.0
3847,6.0
3848,4.0
3849,11.0
3850,6.0
3851,16.0
3852,9.0
3853,6.0
3854,7.0
3855,7.0
3856,7.0
3857,6.0
3858,11.0
3859,11.0
3860,5.0
3861,16.0
3862,11.0
3863,9.0
3864,5.0
3865,6.0
3866,5.0
3867,3.0
3868,6.0
3869,4.0
3870,9.0
3871,5.0
3872,6.0
3873,4.0
3874,7.0
3875,8.0
3876,4.0
3877,9.0
3878,8.0
3879,8.0
3880,5.0
3881,7.0
3882,6.0
3883,5.0
3884,5.0
3885,16.0
3886,11.0
3887,8.0
3888,6.0
3889,6.0
3890,6.0
3891,7.0
3892,7.0
3893,7.0
3894,5.0
3895,4.0
3896,25.0
3897,8.0
3898,11.0
3899,12.0
3900,5.0
3901,4.0
3902,10.0
3903,7.0
3904,7.0
3905,8.0
3906,44.0
3907,6.0
3908,6.0
3909,82.0
3910,11.0
3911,24.0
3912,19.0
3913,7.0
3914,5.0
3915,4.0
3916,13.0
3917,10.0
3918,3.0
3919,16.0
3920,5.0
3921,5.0
3922,17.0
3923,3.0
3924,4.0
3925,4.0
3926,17.0
3927,5.0
3928,6.0
3929,8.0
3930,5.0
3931,46.0
3932,11.0
3933,17.0
3934,7.0
3935,13.0
3936,6.0
3937,9.0
3938,11.0
3939,6.0
3940,9.0
3941,19.0
3942,9.0
3943,4.0
3944,5.0
3945,5.0
3946,6.0
3947,7.0
3948,4.0
3949,6.0
3950,4.0
3951,8.0
3952,7.0
3953,8.0
3954,10.0
3955,14.0
3956,5.0
3957,4.0
3958,4.0
3959,8.0
3960,40.0
3961,25.0
3962,4.0
3963,10.0
3964,6.0
3965,6.0
3966,4.0
3967,10.0
3968,8.0
3969,4.0
3970,10.0
3971,9.0
3972,8.0
3973,5.0
3974,4.0
3975,3.0
3976,5.0
3977,5.0
3978,11.0
3979,6.0
3980,7.0
3981,5.0
3982,3.0
3983,7.0
3984,20.0
3985,9.0
3986,6.0
3987,5.0
3988,3.0
3989,4.0
3990,6.0
3991,5.0
3992,6.0
3993,3.0
3994,3.0
3995,4.0
3996,4.0
3997,4.0
3998,21.0
3999,4.0
4000,4.0
4001,5.0
4002,4.0
4003,3.0
4004,3.0
4005,4.0
4006,7.0
4007,4.0
4008,10.0
4009,7.0
4010,9.0
4011,8.0
4012,6.0
4013,3.0
4014,17.0
4015,4.0
4016,4.0
4017,4.0
4018,6.0
4019,5.0
4020,8.0
4021,5.0
4022,7.0
4023,5.0
4024,5.0
4025,9.0
4026,19.0
4027,13.0
4028,9.0
4029,12.0
4030,3.0
4031,5.0
4032,7.0
4033,7.0
4034,4.0
4035,6.0
4036,6.0
4037,10.0
4038,3.0
4039,5.0
4040,9.0
4041,6.0
4042,4.0
4043,6.0
4044,3.0
4045,3.0
4046,4.0
4047,5.0
4048,8.0
4049,6.0
4050,15.0
4051,23.0
4052,18.0
4053,22.0
4054,8.0
4055,7.0
4056,6.0
4057,5.0
4058,16.0
4059,4.0
4060,4.0
4061,10.0
4062,5.0
4063,6.0
4064,5.0
4065,5.0
4066,7.0
4067,11.0
4068,8.0
4069,5.0
4070,8.0
4071,6.0
4072,12.0
4073,5.0
4074,7.0
4075,5.0
4076,4.0
4077,6.0
4078,12.0
4079,9.0
4080,7.0
4081,5.0
4082,6.0
4083,5.0
4084,5.0
4085,6.0
4086,4.0
4087,6.0
4088,15.0
4089,8.0
4090,8.0
4091,12.0
4092,10.0
4093,3.0
4094,9.0
4095,4.0
4096,5.0
4097,8.0
4098,4.0
4099,5.0
4100,4.0
4101,9.0
4102,6.0
4103,18.0
4104,5.0
4105,6.0
4106,7.0
4107,7.0
4108,6.0
4109,5.0
4110,7.0
4111,8.0
4112,6.0
4113,5.0
4114,5.0
4115,6.0
4116,7.0
4117,9.0
4118,5.0
4119,18.0
4120,10.0
4121,4.0
4122,14.0
4123,4.0
4124,6.0
4125,7.0
4126,4.0
4127,12.0
4128,6.0
4129,8.0
4130,4.0
4131,6.0
4132,7.0
4133,8.0
4134,8.0
4135,6.0
4136,7.0
4137,7.0
4138,6.0
4139,7.0
4140,6.0
4141,12.0
4142,6.0
4143,7.0
4144,4.0
4145,6.0
4146,6.0
4147,4.0
4148,5.0
4149,7.0
4150,8.0
4151,15.0
4152,7.0
4153,12.0
4154,35.0
4155,14.0
4156,34.0
4157,14.0
4158,16.0
4159,6.0
4160,15.0
4161,6.0
4162,14.0
4163,14.0
4164,10.0
4165,56.0
4166,11.0
4167,53.0
4168,24.0
4169,12.0
4170,16.0
4171,15.0
4172,28.0
4173,6.0
4174,11.0
4175,7.0
4176,8.0
4177,6.0
4178,11.0
4179,8.0
4180,4.0
4181,11.0
4182,11.0
4183,25.0
4184,5.0
4185,7.0
4186,7.0
4187,4.0
4188,9.0
4189,4.0
4190,5.0
4191,6.0
4192,4.0
4193,4.0
4194,5.0
4195,6.0
4196,6.0
4197,8.0
4198,7.0
4199,8.0
4200,7.0
4201,10.0
4202,11.0
4203,12.0
4204,13.0
4205,18.0
4206,7.0
4207,6.0
4208,6.0
4209,13.0
4210,4.0
4211,6.0
4212,6.0
4213,10.0
4214,6.0
4215,4.0
4216,6.0
4217,7.0
4218,5.0
4219,5.0
4220,5.0
4221,4.0
4222,9.0
4223,7.0
4224,7.0
4225,6.0
4226,5.0
4227,7.0
4228,10.0
4229,8.0
4230,8.0
4231,11.0
4232,8.0
4233,6.0
4234,5.0
4235,4.0
4236,4.0
4237,12.0
4238,9.0
4239,5.0
4240,6.0
4241,6.0
4242,7.0
4243,7.0
4244,8.0
4245,12.0
4246,26.0
4247,13.0
4248,5.0
4249,4.0
4250,7.0
4251,4.0
4252,7.0
4253,4.0
4254,5.0
4255,4.0
4256,8.0
4257,4.0
4258,5.0
4259,5.0
4260,9.0
4261,13.0
4262,4.0
4263,10.0
4264,5.0
4265,11.0
4266,9.0
4267,7.0
4268,10.0
4269,8.0
4270,13.0
4271,15.0
4272,15.0
4273,12.0
4274,10.0
4275,12.0
4276,7.0
4277,10.0
4278,11.0
4279,6.0
4280,4.0
4281,4.0
4282,46.0
4283,5.0
4284,17.0
4285,4.0
4286,5.0
4287,9.0
4288,3.0
4289,8.0
4290,9.0
4291,4.0
4292,6.0
4293,3.0
4294,15.0
4295,4.0
4296,5.0
4297,6.0
4298,9.0
4299,6.0
4300,5.0
4301,9.0
4302,10.0
4303,7.0
4304,4.0
4305,8.0
4306,13.0
4307,10.0
4308,6.0
4309,7.0
4310,12.0
4311,9.0
4312,8.0
4313,8.0
4314,4.0
4315,5.0
4316,6.0
4317,5.0
4318,10.0
4319,11.0
4320,9.0
4321,10.0
4322,11.0
4323,4.0
4324,10.0
4325,9.0
4326,10.0
4327,6.0
4328,4.0
4329,9.0
4330,8.0
4331,3.0
4332,4.0
4333,5.0
4334,5.0
4335,5.0
4336,4.0
4337,12.0
4338,7.0
4339,18.0
4340,7.0
4341,6.0
4342,8.0
4343,5.0
4344,5.0
4345,5.0
4346,11.0
4347,5.0
4348,4.0
4349,4.0
4350,8.0
4351,19.0
4352,7.0
4353,5.0
4354,3.0
4355,5.0
4356,4.0
4357,4.0
4358,15.0
4359,6.0
4360,4.0
4361,6.0
4362,4.0
4363,4.0
4364,4.0
4365,6.0
4366,6.0
4367,9.0
4368,13.0
4369,18.0
4370,7.0
4371,5.0
4372,3.0
4373,4.0
4374,5.0
4375,7.0
4376,16.0
4377,8.0
4378,3.0
4379,13.0
4380,25.0
4381,23.0
4382,13.0
4383,26.0
4384,20.0
4385,9.0
4386,4.0
4387,5.0
4388,4.0
4389,4.0
4390,12.0
4391,9.0
4392,4.0
4393,4.0
4394,5.0
4395,4.0
4396,5.0
4397,6.0
4398,11.0
4399,14.0
4400,6.0
4401,17.0
4402,72.0
4403,83.0
4404,7.0
4405,4.0
4406,14.0
4407,7.0
4408,25.0
4409,10.0
4410,12.0
4411,4.0
4412,10.0
4413,8.0
4414,12.0
4415,7.0
4416,8.0
4417,31.0
4418,10.0
4419,6.0
4420,8.0
4421,6.0
4422,4.0
4423,5.0
4424,8.0
4425,8.0
4426,4.0
4427,5.0
4428,7.0
4429,6.0
4430,6.0
4431,5.0
4432,8.0
4433,4.0
4434,4.0
4435,6.0
4436,4.0
4437,8.0
4438,5.0
4439,8.0
4440,8.0
4441,4.0
4442,4.0
4443,5.0
4444,5.0
4445,9.0
4446,6.0
4447,7.0
4448,8.0
4449,8.0
4450,9.0
4451,7.0
4452,4.0
4453,5.0
4454,4.0
4455,10.0
4456,7.0
4457,8.0
4458,7.0
4459,5.0
4460,6.0
4461,4.0
4462,4.0
4463,5.0
4464,4.0
4465,11.0
4466,6.0
4467,10.0
4468,7.0
4469,9.0
4470,4.0
4471,8.0
4472,11.0
4473,7.0
4474,6.0
4475,5.0
4476,6.0
4477,10.0
4478,5.0
4479,6.0
4480,7.0
4481,6.0
4482,5.0
4483,6.0
4484,9.0
4485,7.0
4486,8.0
4487,6.0
4488,12.0
4489,8.0
4490,6.0
4491,11.0
4492,4.0
4493,5.0
4494,4.0
4495,4.0
4496,6.0
4497,4.0
4498,9.0
4499,6.0
4500,6.0
4501,7.0
4502,5.0
4503,5.0
4504,4.0
4505,3.0
4506,4.0
4507,4.0
4508,4.0
4509,5.0
4510,5.0
4511,7.0
4512,8.0
4513,5.0
4514,4.0
4515,6.0
4516,4.0
4517,5.0
4518,4.0
4519,4.0
4520,11.0
4521,5.0
4522,10.0
4523,12.0
4524,7.0
4525,4.0
4526,6.0
4527,8.0
4528,6.0
4529,7.0
4530,5.0
4531,15.0
4532,6.0
4533,6.0
4534,4.0
4535,5.0
4536,4.0
4537,7.0
4538,6.0
4539,5.0
4540,4.0
4541,6.0
4542,7.0
4543,8.0
4544,6.0
4545,5.0
4546,8.0
4547,10.0
4548,8.0
4549,6.0
4550,3.0
4551,4.0
4552,4.0
4553,4.0
4554,7.0
4555,9.0
4556,4.0
4557,4.0
4558,5.0
4559,8.0
4560,7.0
4561,10.0
4562,7.0
4563,4.0
4564,8.0
4565,9.0
4566,7.0
4567,6.0
4568,6.0
4569,4.0
4570,4.0
4571,10.0
4572,4.0
4573,4.0
4574,4.0
4575,4.0
4576,5.0
4577,10.0
4578,4.0
4579,8.0
4580,6.0
4581,6.0
4582,10.0
4583,7.0
4584,6.0
4585,6.0
4586,6.0
4587,15.0
4588,4.0
4589,3.0
4590,12.0
4591,5.0
4592,5.0
4593,5.0
4594,9.0
4595,4.0
4596,7.0
4597,8.0
4598,7.0
4599,12.0
4600,5.0
4601,7.0
4602,7.0
4603,9.0
4604,4.0
4605,5.0
4606,3.0
4607,7.0
4608,3.0
4609,10.0
4610,8.0
4611,6.0
4612,8.0
4613,5.0
4614,8.0
4615,6.0
4616,6.0
4617,10.0
4618,4.0
4619,10.0
4620,9.0
4621,19.0
4622,25.0
4623,16.0
4624,10.0
4625,7.0
4626,7.0
4627,8.0
4628,5.0
4629,5.0
4630,9.0
4631,6.0
4632,4.0
4633,6.0
4634,4.0
4635,4.0
4636,4.0
4637,5.0
4638,5.0
4639,5.0
4640,12.0
4641,8.0
4642,4.0
4643,5.0
4644,8.0
4645,7.0
4646,8.0
4647,9.0
4648,12.0
4649,12.0
4650,4.0
4651,4.0
4652,9.0
4653,7.0
4654,4.0
4655,6.0
4656,4.0
4657,5.0
4658,4.0
4659,4.0
4660,4.0
4661,5.0
4662,6.0
4663,7.0
4664,4.0
4665,7.0
4666,8.0
4667,8.0
4668,9.0
4669,4.0
4670,6.0
4671,6.0
4672,12.0
4673,7.0
4674,3.0
4675,9.0
4676,9.0
4677,4.0
4678,9.0
4679,8.0
4680,9.0
4681,3.0
4682,6.0
4683,8.0
4684,3.0
4685,12.0
4686,6.0
4687,4.0
4688,12.0
4689,11.0
4690,5.0
4691,8.0
4692,6.0
4693,11.0
4694,6.0
4695,7.0
4696,7.0
4697,9.0
4698,11.0
4699,8.0
4700,13.0
4701,10.0
4702,8.0
4703,9.0
4704,14.0
4705,10.0
4706,4.0
4707,18.0
4708,10.0
4709,22.0
4710,9.0
4711,12.0
4712,8.0
4713,5.0
4714,14.0
4715,8.0
4716,19.0
4717,13.0
4718,10.0
4719,14.0
4720,6.0
4721,5.0
4722,5.0
4723,5.0
4724,8.0
4725,3.0
4726,3.0
4727,7.0
4728,7.0
4729,6.0
4730,8.0
4731,19.0
4732,5.0
4733,4.0
4734,9.0
4735,7.0
4736,4.0
4737,5.0
4738,9.0
4739,7.0
4740,3.0
4741,9.0
4742,8.0
4743,6.0
4744,9.0
4745,10.0
4746,6.0
4747,7.0
4748,7.0
4749,25.0
4750,15.0
4751,4.0
4752,8.0
4753,6.0
4754,5.0
4755,4.0
4756,8.0
4757,6.0
4758,7.0
4759,24.0
4760,19.0
4761,12.0
4762,11.0
4763,15.0
4764,5.0
4765,8.0
4766,7.0
4767,6.0
4768,11.0
4769,5.0
4770,6.0
4771,5.0
4772,5.0
4773,6.0
4774,4.0
4775,4.0
4776,5.0
4777,7.0
4778,8.0
4779,8.0
4780,4.0
4781,3.0
4782,3.0
4783,36.0
4784,4.0
4785,11.0
4786,7.0
4787,8.0
4788,5.0
4789,7.0
4790,5.0
4791,9.0
4792,6.0
4793,4.0
4794,11.0
4795,8.0
4796,10.0
4797,7.0
4798,11.0
4799,16.0
4800,26.0
4801,21.0
4802,15.0
4803,6.0
4804,4.0
4805,9.0
4806,7.0
4807,5.0
4808,6.0
4809,5.0
4810,3.0
4811,4.0
4812,4.0
4813,4.0
4814,5.0
4815,4.0
4816,4.0
4817,9.0
4818,37.0
4819,5.0
4820,8.0
4821,5.0
4822,14.0
4823,4.0
4824,9.0
4825,9.0
4826,9.0
4827,9.0
4828,8.0
4829,13.0
4830,10.0
4831,11.0
4832,10.0
4833,4.0
4834,12.0
4835,8.0
4836,6.0
4837,11.0
4838,10.0
4839,10.0
4840,11.0
4841,11.0
4842,12.0
4843,8.0
4844,6.0
4845,9.0
4846,6.0
4847,7.0
4848,7.0
4849,5.0
4850,7.0
4851,4.0
4852,5.0
4853,9.0
4854,10.0
4855,5.0
4856,5.0
4857,6.0
4858,7.0
4859,8.0
4860,13.0
4861,10.0
4862,9.0
4863,11.0
4864,11.0
4865,6.0
4866,7.0
4867,7.0
4868,16.0
4869,9.0
4870,8.0
4871,4.0
4872,9.0
4873,7.0
4874,8.0
4875,4.0
4876,5.0
4877,5.0
4878,4.0
4879,8.0
4880,4.0
4881,8.0
4882,42.0
4883,16.0
4884,3.0
4885,5.0
4886,5.0
4887,4.0
4888,4.0
4889,7.0
4890,5.0
4891,3.0
4892,5.0
4893,4.0
4894,5.0
4895,7.0
4896,7.0
4897,6.0
4898,5.0
4899,3.0
4900,6.0
4901,5.0
4902,5.0
4903,7.0
4904,4.0
4905,12.0
4906,6.0
4907,5.0
4908,6.0
4909,5.0
4910,8.0
4911,5.0
4912,5.0
4913,4.0
4914,4.0
4915,6.0
4916,4.0
4917,4.0
4918,9.0
4919,5.0
4920,3.0
4921,3.0
4922,4.0
4923,4.0
4924,24.0
4925,16.0
4926,14.0
4927,9.0
4928,16.0
4929,8.0
4930,7.0
4931,11.0
4932,10.0
4933,7.0
4934,4.0
4935,14.0
4936,5.0
4937,9.0
4938,3.0
4939,3.0
4940,5.0
4941,3.0
4942,3.0
4943,3.0
4944,8.0
4945,3.0
4946,4.0
4947,3.0
4948,3.0
4949,8.0
4950,6.0
4951,3.0
4952,4.0
4953,4.0
4954,7.0
4955,8.0
4956,5.0
4957,6.0
4958,5.0
4959,6.0
4960,6.0
4961,6.0
4962,4.0
4963,4.0
4964,8.0
4965,5.0
4966,5.0
4967,7.0
4968,5.0
4969,5.0
4970,4.0
4971,9.0
4972,5.0
4973,9.0
4974,10.0
4975,5.0
4976,11.0
4977,10.0
4978,3.0
4979,3.0
4980,7.0
4981,4.0
4982,7.0
4983,3.0
4984,7.0
4985,7.0
4986,7.0
4987,10.0
4988,16.0
4989,7.0
4990,6.0
4991,8.0
4992,6.0
4993,8.0
4994,6.0
4995,4.0
4996,4.0
4997,13.0
4998,4.0
4999,5.0
5000,4.0
5001,4.0
5002,4.0
5003,4.0
5004,3.0
5005,3.0
5006,7.0
5007,3.0
5008,3.0
5009,4.0
5010,3.0
5011,43.0
5012,8.0
5013,9.0
5014,10.0
5015,3.0
5016,10.0
5017,3.0
5018,7.0
5019,4.0
5020,6.0
5021,3.0
5022,6.0
5023,3.0
5024,5.0
5025,4.0
5026,3.0
5027,4.0
5028,6.0
5029,4.0
5030,3.0
5031,4.0
5032,5.0
5033,4.0
5034,6.0
5035,3.0
5036,5.0
5037,3.0
5038,3.0
5039,5.0
5040,3.0
5041,3.0
5042,6.0
5043,7.0
5044,7.0
5045,6.0
5046,3.0
5047,5.0
5048,5.0
5049,4.0
5050,4.0
5051,5.0
5052,3.0
5053,16.0
5054,4.0
5055,10.0
5056,8.0
5057,11.0
5058,6.0
5059,5.0
5060,6.0
5061,6.0
5062,4.0
5063,7.0
5064,5.0
5065,7.0
5066,7.0
5067,7.0
5068,7.0
5069,6.0
5070,6.0
5071,5.0
5072,5.0
5073,11.0
5074,11.0
5075,13.0
5076,17.0
5077,7.0
5078,5.0
5079,4.0
5080,3.0
5081,4.0
5082,6.0
5083,6.0
5084,8.0
5085,4.0
5086,5.0
5087,6.0
5088,9.0
5089,4.0
5090,6.0
5091,4.0
5092,4.0
5093,4.0
5094,4.0
5095,4.0
5096,6.0
5097,4.0
5098,4.0
5099,8.0
5100,11.0
5101,6.0
5102,6.0
5103,13.0
5104,11.0
5105,15.0
5106,10.0
5107,11.0
5108,9.0
5109,11.0
5110,7.0
5111,10.0
5112,14.0
5113,12.0
5114,8.0
5115,7.0
5116,5.0
5117,7.0
5118,9.0
5119,4.0
5120,6.0
5121,6.0
5122,5.0
5123,4.0
5124,10.0
5125,8.0
5126,9.0
5127,10.0
5128,8.0
5129,11.0
5130,11.0
5131,27.0
5132,3.0
5133,5.0
5134,10.0
5135,3.0
5136,7.0
5137,3.0
5138,7.0
5139,14.0
5140,3.0
5141,5.0
5142,8.0
5143,4.0
5144,6.0
5145,6.0
5146,5.0
5147,4.0
5148,5.0
5149,4.0
5150,10.0
5151,4.0
5152,4.0
5153,8.0
5154,11.0
5155,7.0
5156,9.0
5157,8.0
5158,8.0
5159,4.0
5160,6.0
5161,11.0
5162,4.0
5163,5.0
5164,15.0
5165,4.0
5166,3.0
5167,3.0
5168,3.0
5169,3.0
5170,3.0
5171,3.0
5172,3.0
5173,4.0
5174,7.0
5175,4.0
5176,4.0
5177,4.0
5178,7.0
5179,5.0
5180,5.0
5181,5.0
5182,11.0
5183,4.0
5184,5.0
5185,5.0
5186,4.0
5187,6.0
5188,5.0
5189,9.0
5190,11.0
5191,6.0
5192,4.0
5193,11.0
5194,6.0
5195,11.0
5196,11.0
5197,6.0
5198,4.0
5199,9.0
5200,4.0
5201,4.0
5202,9.0
5203,4.0
5204,11.0
5205,8.0
5206,4.0
5207,4.0
5208,6.0
5209,10.0
5210,5.0
5211,7.0
5212,5.0
5213,9.0
5214,3.0
5215,3.0
5216,8.0
5217,5.0
5218,11.0
5219,5.0
5220,4.0
5221,7.0
5222,6.0
5223,8.0
5224,4.0
5225,5.0
5226,5.0
5227,7.0
5228,9.0
5229,4.0
5230,5.0
5231,24.0
5232,4.0
5233,6.0
5234,5.0
5235,4.0
5236,4.0
5237,8.0
5238,4.0
5239,5.0
5240,6.0
5241,5.0
5242,10.0
5243,7.0
5244,22.0
5245,17.0
5246,5.0
5247,5.0
5248,16.0
5249,19.0
5250,13.0
5251,12.0
5252,9.0
5253,10.0
5254,7.0
5255,7.0
5256,5.0
5257,10.0
5258,3.0
5259,11.0
5260,5.0
5261,7.0
5262,8.0
5263,7.0
5264,7.0
5265,8.0
5266,8.0
5267,9.0
5268,11.0
5269,8.0
5270,4.0
5271,11.0
5272,10.0
5273,13.0
5274,7.0
5275,8.0
5276,5.0
5277,10.0
5278,6.0
5279,7.0
5280,4.0
5281,5.0
5282,6.0
5283,6.0
5284,7.0
5285,10.0
5286,6.0
5287,7.0
5288,8.0
5289,8.0
5290,11.0
5291,4.0
5292,5.0
5293,6.0
5294,9.0
5295,11.0
5296,6.0
5297,5.0
5298,5.0
5299,8.0
5300,8.0
5301,4.0
5302,4.0
5303,8.0
5304,8.0
5305,10.0
5306,12.0
5307,3.0
5308,6.0
5309,39.0
5310,19.0
5311,8.0
5312,18.0
5313,11.0
5314,15.0
5315,13.0
5316,35.0
5317,23.0
5318,16.0
5319,47.0
5320,13.0
5321,11.0
5322,8.0
5323,16.0
5324,20.0
5325,18.0
5326,28.0
5327,18.0
5328,15.0
5329,4.0
5330,4.0
5331,6.0
5332,5.0
5333,5.0
5334,3.0
5335,4.0
5336,3.0
5337,14.0
5338,9.0
5339,5.0
5340,5.0
5341,9.0
5342,5.0
5343,6.0
5344,4.0
5345,6.0
5346,4.0
5347,5.0
5348,7.0
5349,13.0
5350,20.0
5351,17.0
5352,6.0
5353,5.0
5354,7.0
5355,3.0
5356,3.0
5357,7.0
5358,9.0
5359,5.0
5360,6.0
5361,7.0
5362,4.0
5363,7.0
5364,4.0
5365,4.0
5366,4.0
5367,5.0
5368,5.0
5369,4.0
5370,5.0
5371,4.0
5372,6.0
5373,6.0
5374,12.0
5375,8.0
5376,5.0
5377,8.0
5378,7.0
5379,3.0
5380,11.0
5381,12.0
5382,10.0
5383,8.0
5384,7.0
5385,7.0
5386,8.0
5387,5.0
5388,11.0
5389,9.0
5390,6.0
5391,3.0
5392,9.0
5393,9.0
5394,5.0
5395,7.0
5396,6.0
5397,8.0
5398,5.0
5399,8.0
5400,11.0
5401,5.0
5402,12.0
5403,6.0
5404,5.0
5405,3.0
5406,4.0
5407,3.0
5408,3.0
5409,3.0
5410,3.0
5411,5.0
5412,6.0
5413,14.0
5414,14.0
5415,3.0
5416,27.0
5417,5.0
5418,5.0
5419,4.0
5420,6.0
5421,15.0
5422,5.0
5423,8.0
5424,10.0
5425,8.0
5426,9.0
5427,9.0
5428,11.0
5429,10.0
5430,11.0
5431,7.0
5432,10.0
5433,13.0
5434,9.0
5435,8.0
5436,12.0
5437,9.0
5438,7.0
5439,7.0
5440,8.0
5441,5.0
5442,5.0
5443,6.0
5444,3.0
5445,6.0
5446,4.0
5447,5.0
5448,5.0
5449,4.0
5450,4.0
5451,7.0
5452,6.0
5454,22.0
5455,16.0
5456,21.0
5457,11.0
5458,4.0
5459,17.0
5460,47.0
5461,9.0
5462,9.0
5463,13.0
5464,11.0
5465,27.0
5466,17.0
5467,11.0
5468,4.0
5469,5.0
5470,8.0
5471,12.0
5472,8.0
5473,4.0
5474,6.0
5475,6.0
5476,4.0
5478,6.0
5479,6.0
5481,8.0
5482,6.0
5486,6.0
5489,8.0
5490,6.0
5493,6.0
5495,6.0
5499,8.0
5500,3.0
5501,4.0
5502,9.0
5503,8.0
5504,8.0
5505,7.0
5506,9.0
5507,7.0
5508,6.0
5509,6.0
5510,9.0
5511,4.0
5512,10.0
5513,11.0
5514,9.0
5515,3.0
5516,3.0
5517,3.0
5518,3.0
5519,13.0
5520,19.0
5521,20.0
5522,12.0
5523,12.0
5524,26.0
5525,14.0
5526,8.0
5527,12.0
5529,6.0
5530,13.0
5531,10.0
5533,4.0
5534,3.0
5535,3.0
5536,5.0
5537,3.0
5538,3.0
5539,7.0
5540,4.0
5541,5.0
5542,19.0
5543,12.0
5544,7.0
5545,6.0
5546,5.0
5547,10.0
5548,6.0
5549,10.0
5550,3.0
5551,5.0
5552,8.0
5553,13.0
5554,22.0
5555,6.0
5556,4.0
5557,7.0
5558,6.0
5559,6.0
5560,5.0
5561,5.0
5562,6.0
5563,5.0
5564,7.0
5565,10.0
5566,7.0
5567,11.0
5568,11.0
5569,5.0
5570,8.0
5571,4.0
5572,4.0
5573,4.0
5574,5.0
5575,7.0
5576,11.0
5577,3.0
5578,12.0
5579,8.0
5580,6.0
5581,12.0
5582,8.0
5583,4.0
5584,7.0
5585,5.0
5586,5.0
5587,11.0
5588,3.0
5589,10.0
5590,8.0
5591,6.0
5592,4.0
5593,4.0
5594,9.0
5595,7.0
5596,4.0
5597,5.0
5598,3.0
5599,8.0
5600,3.0
5601,4.0
5602,6.0
5603,8.0
5604,6.0
5605,3.0
5606,5.0
5607,5.0
5608,27.0
5609,11.0
5610,10.0
5611,7.0
5612,17.0
5613,14.0
5615,11.0
5616,47.0
5617,7.0
5618,22.0
5619,11.0
5620,13.0
5621,6.0
5622,12.0
5623,11.0
5624,14.0
5625,8.0
5626,8.0
5627,12.0
5628,6.0
5629,7.0
5630,4.0
5631,5.0
5632,9.0
5633,5.0
5634,7.0
5635,5.0
5636,8.0
5637,6.0
5638,8.0
5639,8.0
5640,4.0
5641,6.0
5642,11.0
5643,13.0
5644,11.0
5645,7.0
5646,3.0
5647,8.0
5648,5.0
5649,5.0
5650,3.0
5651,3.0
5652,6.0
5653,5.0
5654,8.0
5655,3.0
5656,10.0
5657,14.0
5658,7.0
5659,8.0
5660,9.0
5661,4.0
5662,4.0
5663,10.0
5664,6.0
5665,6.0
5666,23.0
5667,18.0
5668,17.0
5669,4.0
5670,15.0
5671,10.0
5672,6.0
5673,5.0
5674,4.0
5675,5.0
5676,9.0
5677,18.0
5678,13.0
5679,4.0
5680,4.0
5681,4.0
5682,4.0
5683,13.0
5684,7.0
5685,8.0
5686,7.0
5687,9.0
5688,9.0
5689,5.0
5690,5.0
5691,10.0
5692,7.0
5693,10.0
5694,8.0
5695,8.0
5696,7.0
5697,5.0
5698,12.0
5699,8.0
5700,4.0
5701,10.0
5702,6.0
5703,4.0
5704,7.0
5705,5.0
5706,7.0
5707,8.0
5708,8.0
5709,5.0
5710,5.0
5711,10.0
5712,9.0
5713,9.0
5714,9.0
5715,6.0
5716,6.0
5717,6.0
5718,4.0
5719,9.0
5720,5.0
5721,3.0
5722,4.0
5723,4.0
5724,4.0
5725,11.0
5726,11.0
5727,4.0
5728,5.0
5729,8.0
5730,5.0
5731,4.0
5732,6.0
5733,5.0
5734,4.0
5735,15.0
5736,10.0
5737,5.0
5738,6.0
5739,5.0
5740,4.0
5741,8.0
5742,6.0
5743,7.0
5744,9.0
5745,6.0
5746,10.0
5747,6.0
5748,6.0
5749,5.0
5750,9.0
5751,3.0
5752,3.0
5753,5.0
5754,5.0
5755,7.0
5756,5.0
5757,4.0
5758,3.0
5759,4.0
5760,7.0
5761,6.0
5762,7.0
5763,8.0
5764,8.0
5765,6.0
5766,11.0
5767,9.0
5768,12.0
5769,5.0
5770,5.0
5771,6.0
5772,8.0
5773,10.0
5774,5.0
5775,5.0
5776,7.0
5777,7.0
5778,6.0
5779,4.0
5780,5.0
5781,11.0
5782,12.0
5783,3.0
5784,4.0
5785,4.0
5786,3.0
5787,3.0
5788,10.0
5789,9.0
5790,6.0
5791,4.0
5792,15.0
5793,12.0
5794,13.0
5795,11.0
5796,4.0
5797,4.0
5798,5.0
5799,4.0
5800,4.0
5801,4.0
5802,4.0
5803,5.0
5804,6.0
5805,6.0
5806,4.0
5807,5.0
5808,5.0
5809,4.0
5810,3.0
5811,8.0
5812,5.0
5813,4.0
5814,5.0
5815,4.0
5816,4.0
5817,4.0
5818,5.0
5819,4.0
5820,6.0
5821,4.0
5822,9.0
5823,8.0
5824,4.0
5825,7.0
5826,8.0
5827,7.0
5828,6.0
5829,4.0
5830,8.0
5831,5.0
5832,6.0
5833,6.0
5834,8.0
5835,11.0
5836,8.0
5837,10.0
5838,12.0
5839,15.0
5840,10.0
5841,10.0
5842,5.0
5843,3.0
5844,16.0
5845,10.0
5846,10.0
5847,21.0
5848,10.0
5849,5.0
5850,4.0
5851,7.0
5852,4.0
5853,6.0
5854,5.0
5855,8.0
5856,18.0
5857,5.0
5858,12.0
5859,8.0
5860,12.0
5861,7.0
5862,22.0
5863,9.0
5864,23.0
5865,26.0
5866,12.0
5867,4.0
5868,8.0
5869,14.0
5870,16.0
5871,11.0
5872,12.0
5873,17.0
5874,7.0
5875,10.0
5876,8.0
5877,12.0
5878,7.0
5879,4.0
5880,8.0
5881,7.0
5882,20.0
5883,16.0
5884,5.0
5885,13.0
5886,16.0
5887,14.0
5888,8.0
5889,26.0
5890,9.0
5891,7.0
5892,11.0
5893,9.0
5894,10.0
5895,4.0
5896,5.0
5897,12.0
5898,12.0
5899,12.0
5900,6.0
5901,14.0
5902,11.0
5903,22.0
5904,3.0
5905,47.0
5906,6.0
5907,11.0
5908,17.0
5909,10.0
5910,7.0
5911,6.0
5912,11.0
5913,11.0
5914,13.0
5915,9.0
5916,8.0
5917,7.0
5918,8.0
5919,58.0
5920,8.0
5921,7.0
5922,7.0
5923,6.0
5924,7.0
5925,9.0
5926,5.0
5927,6.0
5928,4.0
5929,13.0
5930,6.0
5931,4.0
5932,3.0
5933,4.0
5934,8.0
5935,9.0
5936,4.0
5937,8.0
5938,10.0
5939,4.0
5940,6.0
5941,11.0
5942,10.0
5943,13.0
5944,9.0
5945,7.0
5946,8.0
5947,8.0
5948,15.0
5949,14.0
5950,8.0
5951,13.0
5952,7.0
5953,10.0
5954,11.0
5955,8.0
5956,5.0
5957,9.0
5958,16.0
5959,12.0
5960,10.0
5961,27.0
5962,8.0
5963,14.0
5964,5.0
5965,3.0
5966,7.0
5967,8.0
5968,11.0
5969,10.0
5970,12.0
5971,7.0
5972,4.0
5973,3.0
5974,5.0
5975,5.0
5976,8.0
5977,4.0
5978,10.0
5979,7.0
5980,7.0
5981,7.0
5982,5.0
5983,10.0
5984,13.0
5985,8.0
5986,7.0
5987,7.0
5988,11.0
5989,17.0
5990,14.0
5991,29.0
5992,4.0
5993,13.0
5994,12.0
5995,17.0
5996,5.0
5997,11.0
5998,5.0
5999,7.0
6000,6.0
6001,8.0
6002,7.0
6003,10.0
6004,11.0
6005,9.0
6006,5.0
6007,14.0
6008,8.0
6009,8.0
6010,26.0
6011,19.0
6012,11.0
6013,16.0
6014,25.0
6015,6.0
6016,13.0
6017,15.0
6018,16.0
6019,4.0
6020,13.0
6021,5.0
6022,4.0
6023,8.0
6024,7.0
6025,13.0
6026,8.0
6027,18.0
6028,23.0
6029,6.0
6030,5.0
6031,4.0
6032,4.0
6033,6.0
6034,3.0
6035,6.0
6036,4.0
6037,4.0
6038,3.0
6039,3.0
6040,4.0
6041,8.0
6042,6.0
6043,3.0
6044,6.0
6045,5.0
6046,5.0
6047,8.0
6048,4.0
6049,3.0
6050,6.0
6051,5.0
6052,5.0
6053,5.0
6054,5.0
6055,5.0
6056,4.0
6057,4.0
6058,11.0
6059,7.0
6060,4.0
6061,5.0
6062,11.0
6063,4.0
6064,18.0
6065,13.0
6066,6.0
6067,4.0
6068,4.0
6069,10.0
6070,12.0
6071,9.0
6072,6.0
6073,9.0
6074,7.0
6075,9.0
6076,7.0
6077,6.0
6078,13.0
6079,8.0
6080,13.0
6081,11.0
6082,13.0
6083,8.0
6084,12.0
6085,7.0
6086,5.0
6087,4.0
6088,6.0
6089,13.0
6090,11.0
6091,16.0
6092,12.0
6093,9.0
6094,10.0
6095,6.0
6096,4.0
6097,4.0
6098,5.0
6099,4.0
6100,5.0
6101,5.0
6102,4.0
6103,4.0
6104,4.0
6105,8.0
6106,4.0
6107,5.0
6108,3.0
6109,4.0
6110,5.0
6111,6.0
6112,7.0
6113,9.0
6114,6.0
6115,11.0
6116,8.0
6117,8.0
6118,6.0
6119,10.0
6120,7.0
6121,6.0
6122,7.0
6123,11.0
6124,7.0
6125,10.0
6126,7.0
6127,13.0
6128,10.0
6129,8.0
6130,8.0
6131,7.0
6132,8.0
6133,19.0
6134,7.0
6135,3.0
6136,4.0
6137,7.0
6138,4.0
6139,7.0
6140,5.0
6141,6.0
6142,4.0
6143,9.0
6144,14.0
6145,10.0
6146,9.0
6147,9.0
6148,12.0
6149,7.0
6150,5.0
6151,9.0
6152,10.0
6153,5.0
6154,3.0
6155,5.0
6156,6.0
6157,7.0
6158,8.0
6159,6.0
6160,12.0
6161,8.0
6162,5.0
6163,5.0
6164,5.0
6165,5.0
6166,5.0
6167,4.0
6168,13.0
6169,4.0
6170,4.0
6171,6.0
6172,7.0
6173,3.0
6174,3.0
6175,15.0
6176,5.0
6177,4.0
6178,3.0
6179,5.0
6180,5.0
6181,4.0
6182,4.0
6183,5.0
6184,10.0
6185,6.0
6186,4.0
6187,7.0
6188,8.0
6189,8.0
6190,8.0
6191,9.0
6192,6.0
6193,7.0
6194,6.0
6195,6.0
6196,10.0
6197,28.0
6198,12.0
6199,10.0
6200,12.0
6201,7.0
6202,7.0
6203,5.0
6204,11.0
6205,8.0
6206,9.0
6207,10.0
6208,9.0
6209,11.0
6210,25.0
6211,14.0
6212,10.0
6213,9.0
6214,12.0
6215,6.0
6216,7.0
6217,4.0
6218,9.0
6219,7.0
6220,11.0
6221,11.0
6222,14.0
6223,15.0
6224,3.0
6225,10.0
6226,19.0
6227,4.0
6228,11.0
6229,9.0
6230,5.0
6231,10.0
6232,9.0
6233,9.0
6234,7.0
6235,14.0
6236,6.0
6237,6.0
6238,5.0
6239,7.0
6240,8.0
6241,4.0
6242,8.0
6243,6.0
6244,4.0
6245,5.0
6246,8.0
6247,5.0
6248,4.0
6249,5.0
6250,17.0
6251,6.0
6252,4.0
6253,5.0
6254,6.0
6255,4.0
6256,6.0
6257,7.0
6258,7.0
6259,3.0
6260,8.0
6261,5.0
6262,10.0
6263,17.0
6264,12.0
6265,4.0
6266,7.0
6267,13.0
6268,20.0
6269,6.0
6270,8.0
6271,12.0
6272,5.0
6273,6.0
6274,5.0
6275,7.0
6276,7.0
6277,6.0
6278,4.0
6279,5.0
6280,8.0
6281,5.0
6282,6.0
6283,14.0
6284,6.0
6285,5.0
6286,7.0
6287,11.0
6288,10.0
6289,6.0
6290,4.0
6291,7.0
6292,9.0
6293,6.0
6294,7.0
6295,3.0
6296,7.0
6297,9.0
6298,6.0
6299,5.0
6300,4.0
6301,5.0
6302,3.0
6303,3.0
6304,4.0
6305,6.0
6306,6.0
6307,4.0
6308,6.0
6309,7.0
6310,5.0
6311,5.0
6312,17.0
6313,11.0
6314,3.0
6315,4.0
6316,6.0
6317,3.0
6318,3.0
6319,5.0
6320,4.0
6321,5.0
6322,5.0
6323,8.0
6324,5.0
6325,5.0
6326,4.0
6327,8.0
6328,8.0
6329,7.0
6330,9.0
6331,15.0
6332,5.0
6333,16.0
6334,3.0
6335,12.0
6336,4.0
6337,7.0
6338,8.0
6339,9.0
6340,8.0
6341,6.0
6342,6.0
6343,5.0
6344,5.0
6345,4.0
6346,7.0
6347,9.0
6348,4.0
6349,6.0
6350,4.0
6351,11.0
6352,8.0
6353,4.0
6354,4.0
6355,5.0
6356,7.0
6357,8.0
6358,6.0
6359,5.0
6360,4.0
6361,9.0
6362,9.0
6363,6.0
6364,10.0
6365,10.0
6366,7.0
6367,9.0
6368,7.0
6369,4.0
6370,8.0
6371,9.0
6372,8.0
6373,6.0
6374,4.0
6375,4.0
6376,4.0
6377,5.0
6378,6.0
6379,11.0
6380,8.0
6381,7.0
6382,9.0
6383,16.0
6384,8.0
6385,7.0
6386,6.0
6387,4.0
6388,4.0
6389,6.0
6390,4.0
6391,10.0
6392,4.0
6393,4.0
6394,3.0
6395,12.0
6396,9.0
6397,9.0
6398,10.0
6399,4.0
6400,8.0
6401,7.0
6402,14.0
6403,8.0
6404,13.0
6405,6.0
6406,6.0
6407,5.0
6408,6.0
6409,8.0
6410,4.0
6411,6.0
6412,4.0
6413,4.0
6414,10.0
6415,6.0
6416,10.0
6417,7.0
6418,11.0
6419,4.0
6420,6.0
6421,13.0
6422,6.0
6423,15.0
6424,10.0
6425,7.0
6426,7.0
6427,7.0
6428,5.0
6429,7.0
6430,9.0
6431,45.0
6432,14.0
6433,16.0
6434,10.0
6435,5.0
6436,5.0
6437,3.0
6438,6.0
6439,5.0
6440,13.0
6441,4.0
6442,5.0
6443,11.0
6444,9.0
6445,9.0
6446,5.0
6447,11.0
6448,4.0
6449,9.0
6450,5.0
6451,10.0
6452,11.0
6453,4.0
6454,29.0
6455,16.0
6456,15.0
6457,14.0
6458,9.0
6459,9.0
6460,5.0
6461,5.0
6462,12.0
6463,3.0
6464,7.0
6465,5.0
6466,6.0
6467,3.0
6468,9.0
6469,7.0
6470,4.0
6471,6.0
6472,5.0
6473,10.0
6474,5.0
6475,7.0
6476,11.0
6477,4.0
6478,5.0
6479,4.0
6480,3.0
6481,4.0
6482,7.0
6483,11.0
6484,13.0
6485,10.0
6486,13.0
6487,11.0
6488,11.0
6489,8.0
6490,9.0
6491,6.0
6492,5.0
6493,5.0
6494,4.0
6495,9.0
6496,6.0
6497,5.0
6498,7.0
6499,3.0
6500,3.0
6501,5.0
6502,8.0
6503,5.0
6504,8.0
6505,3.0
6506,7.0
6507,8.0
6508,5.0
6509,3.0
6510,5.0
6511,4.0
6512,8.0
6513,11.0
6514,4.0
6515,4.0
6516,8.0
6517,6.0
6518,7.0
6519,9.0
6520,10.0
6521,10.0
6522,6.0
6523,4.0
6524,4.0
6525,5.0
6526,6.0
6527,7.0
6528,6.0
6529,4.0
6530,13.0
6531,5.0
6532,6.0
6533,4.0
6534,10.0
6535,4.0
6536,5.0
6537,4.0
6538,5.0
6539,10.0
6540,3.0
6541,8.0
6542,12.0
6543,3.0
6544,6.0
6545,11.0
6546,6.0
6547,3.0
6548,10.0
6549,7.0
6550,4.0
6551,6.0
6552,3.0
6553,4.0
6554,6.0
6555,6.0
6556,6.0
6557,4.0
6558,9.0
6559,4.0
6560,5.0
6561,4.0
6562,7.0
6563,7.0
6564,11.0
6565,20.0
6566,12.0
6567,9.0
6568,12.0
6569,9.0
6570,13.0
6571,10.0
6572,9.0
6573,5.0
6574,5.0
6575,4.0
6576,11.0
6577,10.0
6578,5.0
6579,7.0
6580,21.0
6581,5.0
6582,6.0
6583,10.0
6584,6.0
6585,6.0
6586,9.0
6587,5.0
6588,8.0
6589,4.0
6590,5.0
6591,5.0
6592,6.0
6593,4.0
6594,4.0
6595,6.0
6596,9.0
6597,3.0
6598,7.0
6599,5.0
6600,10.0
6601,7.0
6602,4.0
6603,9.0
6604,7.0
6605,5.0
6606,10.0
6607,8.0
6608,6.0
6609,6.0
6610,7.0
6611,7.0
6612,9.0
6613,7.0
6614,4.0
6615,8.0
6616,6.0
6617,6.0
6618,4.0
6619,3.0
6620,7.0
6621,10.0
6622,3.0
6623,8.0
6624,6.0
6625,3.0
6626,5.0
6627,4.0
6628,3.0
6629,3.0
6630,3.0
6631,3.0
6632,6.0
6633,8.0
6634,6.0
6635,4.0
6636,4.0
6637,5.0
6638,4.0
6639,4.0
6640,4.0
6641,4.0
6642,10.0
6643,4.0
6644,24.0
6645,11.0
6646,10.0
6647,12.0
6648,12.0
6649,9.0
6650,10.0
6651,11.0
6652,10.0
6653,11.0
6654,10.0
6655,9.0
6656,8.0
6657,10.0
6658,7.0
6659,10.0
6660,17.0
6661,12.0
6662,3.0
6663,3.0
6664,6.0
6665,4.0
6666,12.0
6667,3.0
6668,4.0
6669,3.0
6670,4.0
6671,3.0
6672,5.0
6673,4.0
6674,4.0
6675,5.0
6676,7.0
6677,4.0
6678,3.0
6679,4.0
6680,3.0
6681,16.0
6682,15.0
6683,8.0
6684,15.0
6685,3.0
6686,23.0
6687,8.0
6688,8.0
6689,9.0
6690,7.0
6691,6.0
6692,4.0
6693,26.0
6694,4.0
6695,8.0
6696,9.0
6697,12.0
6698,17.0
6699,6.0
6700,5.0
6701,5.0
6702,4.0
6703,7.0
6704,8.0
6705,7.0
6706,5.0
6707,5.0
6708,4.0
6709,5.0
6710,4.0
6711,3.0
6712,4.0
6713,5.0
6714,4.0
6715,4.0
6716,7.0
6717,4.0
6718,3.0
6719,7.0
6720,3.0
6721,7.0
6722,9.0
6723,4.0
6724,6.0
6725,6.0
6726,5.0
6727,5.0
6728,3.0
6729,4.0
6730,5.0
6731,4.0
6732,6.0
6733,4.0
6734,3.0
6735,8.0
6736,5.0
6737,7.0
6738,8.0
6739,4.0
6740,21.0
6741,7.0
6742,3.0
6743,5.0
6744,11.0
6745,7.0
6746,6.0
6747,5.0
6748,5.0
6749,5.0
6750,4.0
6751,5.0
6752,5.0
6753,4.0
6754,5.0
6755,9.0
6756,3.0
6757,11.0
6758,7.0
6759,3.0
6760,8.0
6761,3.0
6762,3.0
6763,6.0
6764,4.0
6765,4.0
6766,7.0
6767,8.0
6768,6.0
6769,6.0
6770,6.0
6771,9.0
6772,5.0
6773,9.0
6774,7.0
6775,4.0
6776,5.0
6777,3.0
6778,4.0
6779,5.0
6780,6.0
6781,48.0
6782,5.0
6783,7.0
6784,8.0
6785,6.0
6786,6.0
6787,8.0
6788,5.0
6789,3.0
6790,7.0
6791,3.0
6792,11.0
6793,5.0
6794,12.0
6795,15.0
6796,22.0
6797,18.0
6798,8.0
6799,7.0
6800,9.0
6801,3.0
6802,7.0
6803,9.0
6804,7.0
6805,8.0
6806,7.0
6807,9.0
6808,8.0
6809,6.0
6810,7.0
6811,10.0
6812,7.0
6813,16.0
6814,11.0
6815,7.0
6816,8.0
6817,8.0
6818,5.0
6819,4.0
6820,8.0
6821,8.0
6822,4.0
6823,5.0
6824,9.0
6825,4.0
6826,6.0
6827,5.0
6828,5.0
6829,4.0
6830,4.0
6831,3.0
6832,3.0
6833,3.0
6834,6.0
6835,5.0
6836,4.0
6837,5.0
6838,5.0
6839,3.0
6840,4.0
6841,5.0
6842,4.0
6843,8.0
6844,4.0
6845,6.0
6846,9.0
6847,7.0
6848,3.0
6849,4.0
6850,7.0
6851,4.0
6852,4.0
6853,5.0
6854,3.0
6855,4.0
6856,4.0
6857,4.0
6858,7.0
6859,4.0
6860,5.0
6861,5.0
6862,5.0
6863,4.0
6864,4.0
6865,3.0
6866,5.0
6867,4.0
6868,8.0
6869,8.0
6870,10.0
6871,9.0
6872,13.0
6873,15.0
6874,17.0
6875,14.0
6876,5.0
6877,15.0
6878,10.0
6879,8.0
6880,5.0
6881,9.0
6882,9.0
6883,8.0
6884,8.0
6885,3.0
6886,3.0
6887,10.0
6888,7.0
6889,6.0
6890,5.0
6891,6.0
6892,11.0
6893,4.0
6894,6.0
6895,8.0
6896,5.0
6897,8.0
6898,9.0
6899,7.0
6900,6.0
6901,10.0
6902,8.0
6903,7.0
6904,11.0
6905,13.0
6906,9.0
6907,7.0
6908,9.0
6909,11.0
6910,7.0
6911,5.0
6912,14.0
6913,7.0
6914,13.0
6915,7.0
6916,9.0
6917,6.0
6918,9.0
6919,8.0
6920,12.0
6921,6.0
6922,37.0
6923,9.0
6924,14.0
6925,45.0
6926,23.0
6927,8.0
6928,21.0
6929,7.0
6930,6.0
6931,7.0
6932,4.0
6933,42.0
6934,9.0
6935,19.0
6936,13.0
6937,19.0
6938,16.0
6939,18.0
6940,11.0
6941,8.0
6942,9.0
6943,6.0
6944,7.0
6945,9.0
6946,9.0
6947,7.0
6948,9.0
6949,4.0
6950,11.0
6951,4.0
6952,7.0
6953,11.0
6954,7.0
6955,3.0
6956,6.0
6957,8.0
6958,5.0
6959,11.0
6960,6.0
6961,9.0
6962,5.0
6963,10.0
6964,10.0
6965,18.0
6966,3.0
6967,5.0
6968,7.0
6969,6.0
6970,5.0
6971,4.0
6972,4.0
6973,5.0
6974,3.0
6975,9.0
6976,4.0
6977,4.0
6978,16.0
6979,4.0
6980,5.0
6981,5.0
6982,3.0
6983,4.0
6984,7.0
6985,16.0
6986,8.0
6987,4.0
6988,4.0
6989,4.0
6990,14.0
6991,24.0
6992,6.0
6993,7.0
6994,10.0
6995,10.0
6996,12.0
6997,8.0
6998,7.0
6999,4.0
7000,6.0
